customer_id,customer_name,email,registration_date,customer_type
1,Marisa Wright,jlogan@example.net,2025-07-10,PREMIUM
2,Sonya Mccormick,erodriguez@example.net,2025-02-03,VIP
3,Kellie Knox,lgrimes@example.net,2024-10-28,REGULAR
4,Shane Aguilar,riverajonathan@example.com,2024-10-23,VIP
5,Edwin Delgado,nathan92@example.com,2025-08-15,PREMIUM
6,James Edwards,singletontammy@example.net,2026-04-19,VIP
7,Christie Bailey,jill03@example.org,2026-03-15,PREMIUM
8,Sarah Morrison,vasquezjeffrey@example.org,2025-01-25,REGULAR
9,Lauren Giles,paul97@example.net,2025-09-16,REGULAR
10,Johnathan Craig,kerrysingh@example.com,2025-10-08,PREMIUM
11,Robert Gallagher,jonesmartin@example.net,2025-06-09,VIP
12,Michael Bruce,ejones@example.com,2024-11-11,REGULAR
13,Cameron Wood,rjohnson@example.org,2025-02-09,VIP
14,Corey James,brandywright@example.net,2024-12-22,PREMIUM
15,Matthew Johnson,deleonbrett@example.org,2025-06-19,PREMIUM
16,Jennifer Burns,chambersjason@example.org,2025-07-02,REGULAR
17,Justin Melendez,lisa27@example.org,2025-11-10,REGULAR
18,Brian Lopez,randallkathleen@example.com,2026-03-18,PREMIUM
19,Donna Higgins,gary17@example.net,2025-12-02,REGULAR
20,Robin Moore,ryanclark@example.com,2025-11-03,VIP
21,Nathan Jackson,lauren67@example.org,2025-02-26,REGULAR
22,Christine Wells,patrickmichael@example.org,2024-11-03,REGULAR
23,David Rodgers,xsimmons@example.org,2025-10-13,PREMIUM
24,Kelly Brooks,anne80@example.com,2026-04-09,REGULAR
25,Maria Bullock,jasonpierce@example.com,2025-05-20,VIP
26,Samuel Thompson,amanda83@example.com,2025-02-08,PREMIUM
27,Thomas Perez,andersonevan@example.com,2026-02-06,PREMIUM
28,Daniel Hicks,raymond18@example.org,2026-04-26,REGULAR
29,Michael Ross,laurarusso@example.com,2025-03-18,PREMIUM
30,Charles Giles,nhays@example.org,2026-06-02,VIP
31,Duane Kelley,operez@example.org,2026-04-25,REGULAR
32,Deborah Gibson,randerson@example.com,2025-01-02,PREMIUM
33,Christopher Taylor,zhaynes@example.org,2025-05-09,PREMIUM
34,Pamela Miles,vicki19@example.com,2024-11-28,PREMIUM
35,Roberta Moore,kelsey26@example.org,2024-11-06,PREMIUM
36,John Anthony,raymondferguson@example.net,2026-01-16,REGULAR
37,Theresa Bolton,david53@example.com,2025-12-17,PREMIUM
38,Matthew Riley,andrea91@example.org,2026-05-24,PREMIUM
39,Michael Robertson,rriley@example.org,2024-12-04,VIP
40,Tammy Yoder,hugheskrystal@example.com,2024-10-17,VIP
41,Melissa Hurst,scotttara@example.net,2025-01-07,VIP
42,Kristopher Taylor,katherine16@example.net,2026-02-22,REGULAR
43,Gloria Higgins,cindy99@example.org,2025-09-14,VIP
44,Keith Fuller DDS,sabrinarichards@example.com,2026-06-14,REGULAR
45,Thomas Rodriguez,jessica41@example.com,2026-01-29,VIP
46,Erin Schmidt,trevorrobinson@example.net,2026-05-19,PREMIUM
47,Sabrina Cox,millerleah@example.net,2025-09-30,REGULAR
48,Holly Davis,jeremyrobinson@example.com,2026-07-23,PREMIUM
49,Rebecca King,joanna73@example.net,2024-11-21,REGULAR
50,Nathan Stokes,hutchinsonchristopher@example.org,2026-05-13,VIP
51,Linda Austin,robertdixon@example.com,2026-07-10,VIP
52,Dean Williams,leachsuzanne@example.net,2024-09-29,REGULAR
53,Natasha Jackson,ramirezkeith@example.org,2026-08-01,VIP
54,Albert Stewart,rosedaniel@example.org,2025-05-27,PREMIUM
55,Maria Diaz,jacksonjason@example.com,2026-01-29,REGULAR
56,Andrea Robinson,timothy02@example.com,2024-10-01,VIP
57,Jenny Davis,leonjennifer@example.net,2025-12-25,PREMIUM
58,Wanda Cross,bradley37@example.org,2026-06-19,PREMIUM
59,Kimberly Bell,tannerfarrell@example.net,2026-07-30,REGULAR
60,Philip Alexander,steven77@example.com,2025-10-16,PREMIUM
61,Dr. Julia Hanson PhD,mary20@example.com,2024-11-24,PREMIUM
62,Brenda Sanchez,reyesdebbie@example.org,2026-05-28,PREMIUM
63,Dr. Holly Pruitt,michael49@example.net,2026-04-10,PREMIUM
64,Robert Kaiser,ojones@example.org,2026-04-06,PREMIUM
65,Kenneth Williams,matthew10@example.net,2025-03-05,PREMIUM
66,Allison Flowers,rfranco@example.org,2025-01-12,PREMIUM
67,Sara Mills,brianna57@example.com,2026-07-18,REGULAR
68,Lucas Bailey,jordankristopher@example.com,2026-01-09,REGULAR
69,Donald Cook,reevesshane@example.com,2025-09-10,VIP
70,Brandon Hale,gabriellegeorge@example.com,2025-09-20,PREMIUM
71,Stacey Weiss,jacob76@example.com,2024-08-11,VIP
72,Paul Strickland,gregory97@example.net,2025-04-04,PREMIUM
73,Kelly Farmer,tanner34example.com,2025-07-03,VIP
74,Elizabeth Marshall,portermatthew@example.org,2025-07-14,PREMIUM
75,Bruce Wong,cmanning@example.net,2026-03-05,VIP
76,Erica Goodwin,perry42@example.org,2024-08-22,PREMIUM
77,Jacob Gomez,dkemp@example.com,2026-03-31,PREMIUM
78,Paul Jones,parkerautumn@example.org,2025-01-24,REGULAR
79,Caitlin Elliott,charlesconner@example.com,2024-09-19,VIP
80,Harry Ferguson,stephanie26@example.net,2025-11-24,VIP
81,Erin Dominguez,russelljohn@example.org,2025-02-22,VIP
82,Matthew Holt,zacharyanderson@example.net,2026-07-29,REGULAR
83,Devin Moore,ashort@example.com,2024-11-22,PREMIUM
84,Kara Pearson,scotttheresa@example.net,2026-03-18,PREMIUM
85,Marcus Huffman,wdennis@example.net,2025-12-28,REGULAR
86,Christopher Fuentes,ihorn@example.com,2026-02-07,REGULAR
87,Michael Middleton,fmitchell@example.org,2024-08-19,PREMIUM
88,Jaime Allen,gburton@example.com,2024-10-27,REGULAR
89,Taylor Ramirez,qhenderson@example.org,2024-08-12,REGULAR
90,Sergio Rodriguez,randyescobar@example.net,2025-11-22,PREMIUM
91,Christopher Brennan II,zamorapatricia@example.net,2025-10-21,VIP
92,Michael King,dmullen@example.com,2025-07-04,VIP
93,Tyler Frye,paynesamuel@example.net,2025-03-24,VIP
94,Jeanette Scott,gutierrezalisha@example.org,2025-01-31,PREMIUM
95,Ruben Cobb,nicole89@example.net,2026-03-18,PREMIUM
96,Evan Wade,jenniferaustin@example.net,2025-07-28,PREMIUM
97,Dustin Smith,jamesalicia@example.org,2025-01-28,PREMIUM
98,Craig James,amyanderson@example.net,2025-02-08,PREMIUM
99,Christina Smith,tbryant@example.com,2024-09-15,PREMIUM
100,Martin Koch,carrillotravis@example.com,2026-04-01,VIP
101,Gary Nguyen,zhoward@example.net,2025-04-01,VIP
102,Jesse Wade,spencer24@example.com,2025-04-22,PREMIUM
103,Mary Brown,christopher82@example.net,2025-05-08,REGULAR
104,Thomas Willis,robertmorrison@example.com,2025-06-19,PREMIUM
105,David Stanton,djohnson@example.com,2026-05-18,REGULAR
106,Brian Henderson,johnhernandez@example.net,2024-12-19,VIP
107,Dennis Casey,rosslaura@example.org,2026-02-09,REGULAR
108,Roy Mullins,wreyes@example.net,2025-04-25,REGULAR
109,Krystal Vincent,robertharvey@example.org,2025-06-07,VIP
110,John Moore,davidbuckley@example.net,2025-07-28,VIP
111,Diane Hoffman,katherinesaunders@example.org,2024-11-30,REGULAR
112,Janet Mills,xholt@example.net,2026-07-15,REGULAR
113,Christine Preston,grahamteresa@example.org,2025-04-17,REGULAR
114,Aaron Zuniga,bconrad@example.org,2024-08-11,VIP
115,Debra Ewing,james37example.com,2024-12-22,REGULAR
116,Andrew Christian,gonzalesrichard@example.net,2025-01-11,VIP
117,Joanna Martin,umathis@example.com,2024-08-27,REGULAR
118,Michelle Williams,amanda17@example.net,2026-05-06,REGULAR
119,Michael Zavala,omorales@example.net,2026-05-02,PREMIUM
120,Scott Price,emma77@example.com,2024-12-28,REGULAR
121,Robert Webb,smithmaria@example.net,2026-06-13,REGULAR
122,Ronald Jackson,amcintosh@example.com,2024-11-25,REGULAR
123,Sharon Santos DDS,randolphchristopher@example.org,2025-12-20,PREMIUM
124,Matthew Brown,davidduffy@example.com,2026-03-14,VIP
125,Phillip Bishop,ncross@example.org,2026-08-01,PREMIUM
126,Thomas Whitaker,mcmahoncharles@example.net,2025-01-18,VIP
127,Ernest Brown,justinthompson@example.com,2024-12-24,PREMIUM
128,Melissa Taylor,wgonzalez@example.org,2024-09-30,VIP
129,Mr. Cody Stuart,jdillon@example.com,2025-05-03,VIP
130,Jesse Powell,briansanchez@example.com,2026-01-03,PREMIUM
131,Emily Lee,orrpeter@example.com,2026-01-27,REGULAR
132,Mallory Allen,mjimenez@example.net,2025-07-05,PREMIUM
133,Barbara Ramos,adamsmichael@example.net,2025-02-21,PREMIUM
134,Kathleen Erickson,ronaldcasey@example.com,2025-10-21,PREMIUM
135,Michelle Watts,allisonwood@example.com,2026-03-13,PREMIUM
136,Felicia Gardner,victor13@example.com,2024-09-27,REGULAR
137,Carl King,uhuff@example.com,2025-01-13,REGULAR
138,Joseph Larson,lmack@example.net,2025-05-14,PREMIUM
139,Daniel Love,kenneth47@example.net,2024-09-19,VIP
140,Andrew Ingram,trevorburns@example.net,2025-12-09,PREMIUM
141,Mallory Miller,bkelley@example.org,2024-10-12,VIP
142,Samantha Johnson,owilliams@example.org,2026-07-11,PREMIUM
143,Daniel Roberts,raymond54@example.com,2026-07-16,PREMIUM
144,Jason Li,vtaylor@example.org,2025-06-12,VIP
145,Taylor Miller,xbutler@example.net,2026-01-26,VIP
146,Anna Davis,martinezfrancisco@example.net,2025-11-03,VIP
147,Anthony Robles,upatterson@example.com,2024-08-13,REGULAR
148,Denise Williams,derrickpatterson@example.net,2024-10-21,REGULAR
149,Kelly Cowan,laura59@example.com,2025-01-09,PREMIUM
150,Gary Jones,zachary95@example.com,2026-07-26,VIP
151,Maurice Reilly,jeremy95@example.org,2025-11-24,PREMIUM
152,John Anderson,atkinsonjennifer@example.net,2025-10-20,PREMIUM
153,Robert Baker,fordchristopher@example.org,2024-09-27,REGULAR
154,Micheal Gonzalez,susanprince@example.org,2024-10-02,PREMIUM
155,Tina Morrison,tylerjones@example.org,2024-09-28,REGULAR
156,Adrienne Lee,priscilla14@example.net,2026-03-17,REGULAR
157,Carla Jordan,karl04@example.net,2026-05-22,PREMIUM
158,Christine Williams,schmittmegan@example.net,2024-12-04,VIP
159,Jonathan Phillips MD,jeffery49@example.com,2025-04-24,VIP
160,Michelle Everett,uhenderson@example.org,2026-03-13,VIP
161,Donna Erickson,scott93@example.net,2026-04-13,PREMIUM
162,Walter Parker,christieprince@example.net,2025-07-10,PREMIUM
163,Susan King,frank24@example.com,2024-10-26,VIP
164,Beverly Gutierrez,vbenson@example.net,2026-01-01,PREMIUM
165,Brandon Reid,fberg@example.com,2024-09-27,PREMIUM
166,Breanna Flynn,leemargaret@example.net,2025-09-10,VIP
167,Nicole James,scottjennifer@example.net,2026-07-01,VIP
168,Holly Cook,gle@example.com,2024-10-02,REGULAR
169,Christian Waters,danderson@example.com,2026-06-10,VIP
170,Dr. Joseph Phelps DDS,victoriabell@example.net,2025-06-13,PREMIUM
171,Jeffrey Short,johnsaunders@example.com,2025-02-03,PREMIUM
172,Brooke Rivera,teresa24@example.com,2025-09-03,VIP
173,David Cochran,milescynthia@example.net,2024-10-31,VIP
174,Ellen Carpenter,josephstrong@example.net,2025-05-27,VIP
175,Frank Gonzalez,justinmason@example.net,2025-04-03,VIP
176,Ashlee Jackson,kyle99@example.net,2025-11-29,REGULAR
177,Mary Tucker,mjohnson@example.net,2025-10-17,PREMIUM
178,Andrew Wilcox,floreslorraine@example.net,2026-05-27,PREMIUM
179,Frank Sloan,jared19example.com,2024-10-23,REGULAR
180,Keith Wilson,joshuawilson@example.net,2025-09-04,PREMIUM
181,Stacy Daniel,sandydickerson@example.net,2025-10-31,VIP
182,Sonia Reed,moranrussell@example.org,2026-08-06,REGULAR
183,Sharon Savage,oblack@example.com,2025-05-25,VIP
184,Kelly Rowe,eugene43@example.com,2026-07-31,PREMIUM
185,Tanya Robbins,sandrasoto@example.org,2025-01-21,REGULAR
186,James Daugherty,michaelmartinez@example.com,2026-02-08,VIP
187,Jessica Patterson,ksutton@example.com,2025-11-24,VIP
188,David Herrera,breannafox@example.org,2025-10-24,REGULAR
189,Felicia Winters,charlessmith@example.net,2025-08-30,VIP
190,Sylvia Bailey,jlee@example.org,2025-05-06,REGULAR
191,Daniel Holland,emack@example.com,2026-05-16,VIP
192,Mark Kaufman,williamsfrank@example.net,2026-04-06,VIP
193,Thomas Henson,wrightpatrick@example.net,2026-07-28,PREMIUM
194,Chad Montgomery,vrobinson@example.org,2025-11-07,VIP
195,April Williamson,cranelarry@example.net,2025-01-31,PREMIUM
196,Gregory Torres,bfowler@example.net,2026-04-15,VIP
197,Julia Abbott,schmidtmichael@example.net,2025-07-01,PREMIUM
198,Michelle Collins,tstokes@example.net,2026-04-08,PREMIUM
199,Katrina Walker,mjones@example.com,2024-08-19,PREMIUM
200,Alex Le,michaeljones@example.com,2024-12-30,REGULAR
201,Carlos Mccarthy,lmurphyexample.org,2026-02-21,PREMIUM
202,Matthew Reynolds,kristy05@example.com,2025-12-21,REGULAR
203,Crystal Charles PhD,gonzaleznicholas@example.net,2025-06-04,PREMIUM
204,Elizabeth Robinson,swagner@example.net,2024-08-12,REGULAR
205,Phyllis Cox,sarahhughes@example.net,2025-11-04,PREMIUM
206,Jessica Bates,pottermorgan@example.net,2024-09-04,PREMIUM
207,Brian Mullen,smithtravis@example.net,2026-05-28,REGULAR
208,Jose Maldonado,sheppardjessica@example.org,2026-01-15,VIP
209,Richard Proctor,brennanrebecca@example.org,2025-07-12,REGULAR
210,Alyssa Sandoval,johnnywilliams@example.com,2026-08-02,VIP
211,Corey Reilly,smithphillip@example.com,2024-12-12,REGULAR
212,Drew Walker,mariabarber@example.org,2026-04-13,REGULAR
213,Brandon Macdonald,nhenderson@example.org,2025-02-13,VIP
214,Brian Knight,jonessavannah@example.org,2025-11-05,PREMIUM
215,Tyler Holt,michelleshannon@example.org,2026-01-07,PREMIUM
216,Sheryl Kennedy,robertking@example.net,2026-01-06,PREMIUM
217,Jennifer Brown,sheilablack@example.com,2026-02-07,PREMIUM
218,Kristina Medina,cory64@example.org,2026-06-13,VIP
219,Thomas Webster,megan64@example.com,2025-07-20,VIP
220,Steven Powell,mary09@example.org,2025-10-15,REGULAR
221,Kimberly Obrien,pthomas@example.net,2026-01-12,REGULAR
222,Tina Lewis,alexismartin@example.net,2026-01-14,VIP
223,Rodney Miller,heidi74@example.org,2026-02-10,REGULAR
224,Briana Bush,john04@example.com,2024-09-13,PREMIUM
225,Breanna Collins,navarrowilliam@example.org,2025-01-01,REGULAR
226,Lisa Miller,gloriapace@example.com,2026-03-30,REGULAR
227,David Grant,smithjason@example.com,2026-02-11,VIP
228,Timothy Page,leedaniel@example.org,2024-08-21,VIP
229,Joseph Reese,vfriedman@example.com,2025-07-24,PREMIUM
230,Brian Santos,lindseymitchell@example.org,2026-07-20,VIP
231,Carolyn Peterson,williamspatrick@example.com,2025-08-24,REGULAR
232,James Molina,martinthomas@example.org,2024-08-22,PREMIUM
233,Jacob Roberts,emily21@example.org,2024-12-15,VIP
234,Karen Reyes,lindsay88@example.com,2024-09-21,VIP
235,Anthony Nguyen,millerjoseph@example.net,2024-11-07,VIP
236,Nicholas Walters,fergusonchristian@example.net,2025-12-09,VIP
237,Jordan Daniel,wilsonmegan@example.org,2025-07-12,PREMIUM
238,Brandon Harris,hernandezheidi@example.net,2026-07-30,VIP
239,Gene Beasley,alvarezeric@example.org,2025-06-03,VIP
240,Michele Mays,jason60@example.com,2025-05-08,VIP
241,Craig Hart,princekurt@example.net,2025-05-17,PREMIUM
242,Amy Cook,rcameron@example.net,2026-05-11,PREMIUM
243,Angela Preston,owaller@example.net,2025-06-11,PREMIUM
244,Cheryl Phillips,laura23@example.net,2025-04-21,PREMIUM
245,John Wright,karlasmith@example.com,2024-09-04,PREMIUM
246,Kelly Anderson,ahart@example.org,2025-10-13,REGULAR
247,Jamie Day,lking@example.net,2024-10-15,PREMIUM
248,Adrian Walton,amandajohnston@example.com,2025-10-10,REGULAR
249,Kelly Ali,darrenwalker@example.org,2026-02-08,VIP
250,Melinda Barker,louislane@example.com,2024-11-24,VIP
251,Rachel Garcia,davidmeyers@example.org,2024-09-09,VIP
252,Carla Burns,reginald64@example.com,2024-08-18,PREMIUM
253,Stephen Diaz,tmartinez@example.net,2025-11-13,VIP
254,Eric Randall,michael40@example.com,2025-01-16,PREMIUM
255,Cheryl Rivera,lori84@example.com,2025-02-17,VIP
256,Michael Leach,taylorjonathan@example.net,2026-07-11,REGULAR
257,Kyle Moore,catherinesmith@example.com,2024-11-07,PREMIUM
258,Anthony Browning,edwardsandrea@example.com,2025-11-11,REGULAR
259,Adam Marshall,zrodriguez@example.net,2025-02-06,REGULAR
260,Tammy Martinez,staylor@example.net,2025-04-11,VIP
261,Lisa House,michael91@example.com,2024-08-18,PREMIUM
262,Joseph Barajas,pmartin@example.net,2024-08-14,VIP
263,Jennifer Coffey,david88@example.net,2025-08-10,PREMIUM
264,Jason Zimmerman,zchristian@example.net,2024-10-20,PREMIUM
265,Billy Mccoy,ooliver@example.org,2026-07-03,PREMIUM
266,Kimberly Holmes,alexsmith@example.net,2026-01-05,REGULAR
267,Cory Gibson,anthony01@example.com,2024-12-30,VIP
268,Melissa Joseph,rodriguezdaniel@example.com,2025-08-01,PREMIUM
269,Sarah Martinez,ann28@example.org,2026-06-27,VIP
270,Jennifer Bell,butlerlaura@example.com,2025-06-14,PREMIUM
271,Robert Parker,steven68@example.org,2026-07-22,VIP
272,Janet Hill,shannon88@example.org,2026-05-10,VIP
273,Dr. Laurie Hernandez,bthomas@example.org,2024-10-25,PREMIUM
274,Maria Boone,vcampbell@example.org,2025-03-19,VIP
275,Daniel Hodges,iknight@example.net,2025-01-24,PREMIUM
276,Kimberly Goodman,ebrown@example.com,2025-08-18,VIP
277,Frank Howell,chad61@example.net,2025-10-08,PREMIUM
278,Kevin Rivas,howard76@example.net,2026-07-05,VIP
279,Nathaniel Bond,jaclyn52@example.org,2025-12-10,PREMIUM
280,Elizabeth Carter,nhill@example.com,2025-04-11,VIP
281,Stephen Hayes,jennifer56@example.org,2025-06-20,REGULAR
282,Michael Thompson,shelby70@example.com,2024-09-27,VIP
283,Nathan Cline,paula83@example.net,2025-10-11,VIP
284,Kenneth Gomez,leonardreed@example.org,2025-11-13,VIP
285,Kelly Murray,jason33@example.net,2025-08-06,PREMIUM
286,Daniel Cook,swilsonexample.com,2025-08-16,PREMIUM
287,Matthew Garcia,vmitchell@example.com,2024-08-21,REGULAR
288,Jennifer Gilbert,bellrobert@example.com,2025-04-05,PREMIUM
289,Jeremy Higgins,phillip20@example.com,2025-12-21,REGULAR
290,Derek Montgomery,sullivanmary@example.net,2026-07-06,PREMIUM
291,Crystal Wilson,vazquezrobert@example.net,2024-10-23,REGULAR
292,Amanda Ferguson,tracy34@example.org,2024-11-29,VIP
293,Teresa Smith,mckenziedanny@example.net,2026-04-26,VIP
294,Emily Johnson,debbiewhite@example.com,2025-01-01,PREMIUM
295,Sarah Lawson,tatebryan@example.net,2025-09-05,VIP
296,Gregg Shelton,shughes@example.com,2026-07-15,PREMIUM
297,Jessica Gilmore,xharris@example.org,2025-11-13,REGULAR
298,Amber Vaughn,gilmorerussell@example.org,2025-10-17,VIP
299,Thomas Shields,donnaperez@example.net,2026-05-14,REGULAR
300,Michael Morgan,mcclurechad@example.net,2025-04-04,REGULAR
301,Paul Sanchez,cynthiabenjamin@example.com,2025-11-24,VIP
302,Stephanie Craig,umartinez@example.org,2024-10-03,PREMIUM
303,Jorge Russell,janice15@example.org,2024-10-01,VIP
304,Hailey Mcdaniel,sotocourtney@example.net,2025-03-16,REGULAR
305,Cheryl Ross,pwhitaker@example.net,2025-10-05,PREMIUM
306,Heather Livingston,chaselucero@example.net,2026-05-31,PREMIUM
307,Diana Butler,emunoz@example.com,2025-08-16,REGULAR
308,Rebecca Harvey,frankjessica@example.org,2025-10-05,VIP
309,George Hooper,adriannolan@example.org,2026-07-05,PREMIUM
310,Katrina Bell,susanhernandez@example.net,2024-11-21,PREMIUM
311,Linda Williams,qdalton@example.com,2024-11-16,PREMIUM
312,Cynthia Lewis,laura16@example.com,2026-03-17,REGULAR
313,Charles Thomas DDS,bondadam@example.com,2025-06-29,REGULAR
314,Carolyn Jones,hubbardshannon@example.org,2024-10-30,REGULAR
315,Catherine Rivera,mweaver@example.net,2025-03-28,PREMIUM
316,Curtis Petersen,bortiz@example.net,2025-12-16,REGULAR
317,Joshua Anderson,gravessarah@example.com,2026-07-06,VIP
318,Jill Daniel DDS,owenjulie@example.com,2026-07-06,PREMIUM
319,Brandy Miller,soconnell@example.net,2026-04-05,REGULAR
320,Mitchell Larson,karenharrison@example.net,2025-11-11,VIP
321,Joel Boyd,fraziermichelle@example.com,2025-11-28,PREMIUM
322,Christopher Mann,tonya79@example.com,2025-08-15,REGULAR
323,Jessica Williams,emoss@example.org,2025-01-02,PREMIUM
324,Michelle Ramirez,gcross@example.net,2026-05-25,PREMIUM
325,Anthony Berry,brandonmckinney@example.com,2026-04-12,VIP
326,Angela Myers,williamdavis@example.com,2026-03-15,PREMIUM
327,Carlos Patton,john39@example.net,2025-08-16,PREMIUM
328,James Adams,gdavis@example.org,2026-03-30,PREMIUM
329,Dominique Wolf,marksmegan@example.com,2026-02-18,VIP
330,Amy Maynard,bridgesjames@example.net,2025-12-04,REGULAR
331,Joshua Spencer,marcus40@example.com,2025-02-23,PREMIUM
332,Michaela Espinoza,cameron21@example.com,2024-08-19,PREMIUM
333,Jonathan Henry,zsmith@example.net,2026-01-26,REGULAR
334,Sheila Peterson,anthony05@example.net,2026-06-18,PREMIUM
335,Lori Casey,watsonkristine@example.net,2026-01-29,REGULAR
336,Connie Collier,kathleen51@example.com,2025-08-27,REGULAR
337,Anita Edwards,sotoalexa@example.com,2025-12-05,REGULAR
338,Tanya Alvarez,ncox@example.com,2026-05-21,VIP
339,Tracy Smith,hilldoris@example.net,2025-04-29,PREMIUM
340,David Swanson,clarkvincent@example.com,2025-11-02,PREMIUM
341,Connor Wong,rfisher@example.net,2024-10-29,REGULAR
342,Mercedes Glass,oshah@example.net,2025-04-14,PREMIUM
343,Pamela Garcia,charlesrodriguez@example.org,2026-02-26,VIP
344,Jackie Beck,washingtonthomas@example.org,2025-03-26,REGULAR
345,Ronald Andrews,greenebradley@example.net,2025-01-06,PREMIUM
346,Dana Maldonado,ubradley@example.org,2025-09-12,REGULAR
347,Thomas Bell,ryan05@example.net,2025-11-20,VIP
348,Jean Copeland DVM,christina25@example.net,2025-01-09,REGULAR
349,Elizabeth Gill,jeffrey57@example.org,2026-03-19,REGULAR
350,Steven Smith,zhughes@example.com,2026-08-01,REGULAR
351,Caleb Ramirez,kelsey35@example.net,2025-02-22,REGULAR
352,Austin Harris,eric31@example.com,2025-01-20,REGULAR
353,Stephanie Tran,wheelermegan@example.org,2024-08-14,PREMIUM
354,Ricky Jones,jaclyn70@example.org,2024-09-22,VIP
355,Shannon Garcia,jonescharles@example.net,2025-07-11,VIP
356,Nicole Adams,ian76@example.org,2025-11-13,PREMIUM
357,Benjamin Santiago,crice@example.com,2026-01-21,REGULAR
358,Sonya Odonnell,sfrench@example.com,2025-12-04,PREMIUM
359,Angela Moore,paige74@example.net,2026-04-14,REGULAR
360,Vincent Wilson,csolomon@example.net,2025-02-04,REGULAR
361,Willie Patterson,amber79@example.com,2026-04-23,VIP
362,Taylor Newton,gregoryarellano@example.net,2026-07-25,REGULAR
363,Ryan Morales,melissa37@example.net,2026-07-01,VIP
364,Kyle Caldwell,ryansimon@example.com,2026-02-26,REGULAR
365,Tammy Owens,barbara08@example.org,2025-08-22,VIP
366,Jason Williams,nelsonlaura@example.com,2026-05-22,VIP
367,Rodney Wolf,farmercarla@example.org,2025-11-06,VIP
368,Jordan Pratt,lrandolph@example.org,2024-11-19,VIP
369,Donald Whitehead,jenna27@example.net,2026-07-17,REGULAR
370,Christian Johnson,daniellepatrick@example.net,2025-01-13,REGULAR
371,Jason Martin,greerarthur@example.org,2024-09-20,PREMIUM
372,Tina Baker,kristingross@example.net,2026-06-29,REGULAR
373,Alicia Baker,phillipbarrett@example.com,2024-09-24,REGULAR
374,Jason Porter,myersmelissa@example.com,2025-09-25,PREMIUM
375,Susan Reilly,christine24@example.com,2025-05-02,VIP
376,Andre Bell,robertsjoshua@example.net,2026-02-23,VIP
377,Brenda Brown,burkemichelle@example.com,2025-01-19,REGULAR
378,Donald Bryant,amanda62@example.org,2026-04-21,REGULAR
379,Brittany Smith,kathrynsherman@example.net,2025-04-04,REGULAR
380,Jaime Smith,shelbysexton@example.net,2026-03-25,PREMIUM
381,Ryan Hernandez,taylorkatie@example.com,2025-02-20,PREMIUM
382,Robert Holmes,rebekah61@example.net,2026-05-29,PREMIUM
383,Lisa Andrade,ajohnson@example.net,2024-10-31,PREMIUM
384,Kenneth Myers,sylvia84@example.org,2026-03-17,REGULAR
385,Emily Colon,sandra74@example.org,2024-11-01,PREMIUM
386,Steven Klein,reyessarah@example.net,2025-11-12,VIP
387,James Chapman,eric39@example.net,2026-07-05,REGULAR
388,John Ramsey,harrismaureen@example.com,2026-03-09,REGULAR
389,Mary Welch,anthonymaldonado@example.org,2025-09-30,REGULAR
390,Colleen Rubio,deborah72@example.com,2026-01-22,PREMIUM
391,Robert Hampton,fmartin@example.com,2026-03-27,PREMIUM
392,Richard Miller,jdrake@example.org,2025-10-03,PREMIUM
393,Emma Cox,mccoybrandon@example.org,2026-04-05,VIP
394,Samuel Brown,graveslauren@example.com,2024-08-12,VIP
395,William Sanchez,dcampbell@example.com,2024-10-03,PREMIUM
396,Kimberly Brown,daniel43@example.com,2025-03-11,PREMIUM
397,William Gomez,fbrown@example.org,2026-06-23,PREMIUM
398,Trevor Turner,christopheravila@example.org,2024-11-16,REGULAR
399,Margaret Gordon,reyesricardo@example.com,2026-07-26,VIP
400,Timothy Rodriguez,amber75@example.org,2025-04-16,VIP
401,Diana Riley,leah00@example.org,2025-03-07,VIP
402,Jose Price,stephen52@example.net,2025-11-18,REGULAR
403,Amy Fleming,kelli98@example.net,2026-04-23,VIP
404,Cynthia Burns,nsuarez@example.org,2025-05-29,PREMIUM
405,John Alexander,ncortez@example.org,2025-09-27,REGULAR
406,Jessica Cook,leonardtracey@example.org,2025-11-18,VIP
407,Travis Martin,santiagomichael@example.net,2025-11-11,PREMIUM
408,Brenda Knight,calebmyers@example.net,2025-05-24,REGULAR
409,Elizabeth Good,francisco49@example.org,2026-04-01,VIP
410,Dr. Andrea Hogan DDS,xholloway@example.com,2025-05-30,PREMIUM
411,Jennifer Baker,jeffrey50@example.org,2024-10-28,REGULAR
412,Robert King,zwatson@example.org,2025-07-29,VIP
413,Robert Anderson,justinmorgan@example.org,2024-12-13,PREMIUM
414,Eduardo Woods,alexis90@example.com,2026-04-06,REGULAR
415,Susan Tran,bsmith@example.net,2025-10-28,REGULAR
416,James Williams,crystal41@example.net,2026-01-03,PREMIUM
417,Hannah Williams,staceydaniels@example.org,2026-02-10,VIP
418,Aaron Black,benjamin14@example.net,2025-05-23,PREMIUM
419,Stacy Weber,ericarodriguez@example.net,2025-03-11,REGULAR
420,Jaime Campbell,gonzalezamanda@example.net,2025-01-27,PREMIUM
421,Jeremiah Carter,ambermoore@example.net,2024-08-29,PREMIUM
422,Kendra Lin,denisewarren@example.net,2025-03-28,REGULAR
423,Larry Bean,fosterluis@example.com,2024-10-11,PREMIUM
424,Dr. Jack Olsen MD,amy15@example.org,2026-05-28,VIP
425,Tyler Osborne,loricarrillo@example.org,2025-07-02,REGULAR
426,Jenna Sanchez,juliewright@example.com,2024-10-04,PREMIUM
427,Stacey Burton,hallbenjamin@example.org,2026-01-14,VIP
428,Christopher Howell,michael59@example.com,2025-03-07,VIP
429,Kayla Lewis,ocox@example.net,2025-03-22,PREMIUM
430,Jonathan Pope,amanda38@example.org,2025-04-30,VIP
431,Elizabeth Rich,gomezjamie@example.com,2025-07-24,VIP
432,Alejandro Smith,tanderson@example.org,2024-10-18,PREMIUM
433,Antonio Olson,lrobinson@example.com,2025-05-20,REGULAR
434,Sarah Kane,taylorscott@example.net,2026-07-17,REGULAR
435,Nathan Reed,ellisjeffrey@example.com,2025-08-17,PREMIUM
436,Elizabeth Young,ymartinez@example.net,2025-12-24,VIP
437,Daniel Nolan,leslie59@example.com,2025-11-18,PREMIUM
438,Roger Ferguson,brianna73@example.net,2025-10-28,VIP
439,Sarah Crawford,sbradshaw@example.org,2025-12-28,REGULAR
440,Cynthia Robinson,paulschroeder@example.net,2025-05-29,PREMIUM
441,Richard Hill,vcruz@example.net,2024-12-27,VIP
442,Jennifer Johnson,coopergina@example.com,2025-06-08,PREMIUM
443,Kara Allison,schwartzvanessa@example.org,2026-06-30,VIP
444,Sierra Walker,stephanieedwards@example.org,2024-10-14,PREMIUM
445,Amanda Atkinson,tarawilliams@example.net,2025-08-13,PREMIUM
446,Joanna Mitchell DDS,molinajerome@example.com,2025-07-06,VIP
447,Dana Deleon,nmcgee@example.org,2025-04-04,VIP
448,Brett Page,boydkathy@example.org,2025-08-20,REGULAR
449,Mr. Thomas Harrison,morganbrian@example.com,2025-12-21,REGULAR
450,Todd Smith,haascarl@example.org,2026-07-04,REGULAR
451,Sharon Wells,aaron10@example.net,2025-03-19,VIP
452,Christina Smith,john63@example.net,2026-08-06,REGULAR
453,Sarah Flores,mcconnelllee@example.com,2025-12-20,VIP
454,Brooke Goodman,santiagoanne@example.net,2025-02-23,VIP
455,Cindy Sims,xhiggins@example.com,2026-01-17,REGULAR
456,Kenneth Torres,kevin18@example.com,2026-04-14,VIP
457,Zachary Duncan,umiller@example.org,2025-03-29,PREMIUM
458,Daniel Wilkins,donnawilliams@example.org,2026-07-02,PREMIUM
459,Roger James,masonlauren@example.net,2025-12-02,REGULAR
460,Glenn Jones,nwilson@example.org,2025-05-06,REGULAR
461,Anthony Flores,jjones@example.org,2024-10-28,VIP
462,Erica Allen,colekatie@example.org,2025-02-11,VIP
463,Nicole Villarreal,jenniferlane@example.com,2025-07-19,VIP
464,Connie Williamson,ddavies@example.com,2026-06-30,VIP
465,Donna Brooks,millerlarry@example.net,2024-12-29,REGULAR
466,John Farmer,solisanthony@example.org,2024-12-27,VIP
467,Megan Aguirre,vsullivan@example.net,2025-02-17,PREMIUM
468,Michael Cox,nholmes@example.net,2025-03-16,VIP
469,Emily Rojas,david26@example.org,2025-02-04,VIP
470,Edward Juarez,oscaralvarez@example.com,2025-10-11,VIP
471,Amy Martinez,steven73@example.org,2026-08-03,VIP
472,Evelyn Perez,ramirezchristopher@example.com,2025-01-27,PREMIUM
473,Joshua Mills,waynehayes@example.com,2025-08-31,VIP
474,Denise Jackson,parrishjeanette@example.net,2024-12-14,PREMIUM
475,Carla Long,jonesanthony@example.org,2024-10-16,REGULAR
476,Samantha Wagner,baileytimothy@example.org,2026-01-22,PREMIUM
477,Sharon Grant,erik15@example.net,2026-08-03,REGULAR
478,Kimberly Estrada,oadams@example.com,2025-07-28,REGULAR
479,Morgan David,wsilva@example.org,2025-05-17,VIP
480,Angela Wright,patricia25@example.net,2025-09-25,PREMIUM
481,Beth Vasquez,sherri51@example.org,2025-08-28,REGULAR
482,Paul Gutierrez,singletonkim@example.net,2025-07-14,VIP
483,Derek Roy,leelinda@example.net,2025-08-03,PREMIUM
484,Laurie Robbins,robinjenkins@example.org,2025-04-25,REGULAR
485,Ralph Bryant,lisa63@example.net,2026-03-17,REGULAR
486,Shawn Mcdonald,derekroberts@example.net,2025-05-09,REGULAR
487,Jonathan Soto,robincaldwell@example.net,2024-08-07,PREMIUM
488,Johnathan Walker,alexanderdurham@example.net,2025-04-27,PREMIUM
489,Brian Allen,laurieharvey@example.com,2026-07-08,REGULAR
490,Kathleen Turner,hwalker@example.org,2025-12-30,VIP
491,Anthony Scott,thomasbaker@example.com,2025-04-10,REGULAR
492,Jasmine Hardy,collieramber@example.net,2025-01-24,PREMIUM
493,Michael Hampton,hamptonjohn@example.com,2024-08-24,PREMIUM
494,Dr. Michael Mullins,jason99@example.net,2026-05-05,PREMIUM
495,Deborah Williams,jglenn@example.com,2025-11-24,REGULAR
496,Jeffery Crawford,hudsonjade@example.net,2025-09-02,VIP
497,Fred Pierce,obarnes@example.com,2025-01-10,REGULAR
498,Connor Banks,melissa16@example.net,2026-05-05,PREMIUM
499,Desiree Taylor,whaas@example.org,2024-10-07,PREMIUM
500,Spencer Davis,ihayes@example.com,2025-06-06,VIP
