item_id,order_id,product_id,quantity,unit_price,discount_percent
1,441,P0352,5,3901.93,22.86
2,236,P0162,1,3477.13,0.59
3,52,P0167,2,1871.85,43.09
4,122,P0138,2,2409.59,30.65
5,218,P0108,3,2153.56,37.61
6,144,P0231,3,981.46,6.56
7,417,P0052,5,3632.0,40.2
8,196,P0101,5,814.63,47.96
9,5,P0091,2,2165.45,6.72
10,162,P0403,5,2484.44,12.55
11,51,P0354,5,900.38,10.77
12,323,P0050,3,2304.29,16.73
13,286,P0478,3,4069.08,17.21
14,445,P0348,4,4819.27,9.95
15,276,P0090,5,4898.93,14.23
16,250,P0397,3,3708.98,44.48
17,238,P0324,4,4787.31,43.41
18,314,P0293,3,2083.39,45.35
19,117,P0161,1,1652.7,14.57
20,203,P0139,3,4449.69,39.05
21,267,P0495,3,2306.41,8.37
22,121,P0339,1,1333.07,37.19
23,204,P0053,1,568.21,46.84
24,14,P0395,4,2045.36,38.25
25,317,P0080,1,513.13,46.58
26,127,P0378,4,1492.46,31.32
27,88,P0015,2,272.26,17.84
28,240,P0500,3,4367.4,46.74
29,497,P0486,5,3518.35,8.85
30,384,P0326,5,4398.74,21.75
31,178,P0247,5,2744.37,40.24
32,212,P0134,4,863.02,0.53
33,435,P0070,5,1785.04,23.46
34,252,P0485,1,3801.82,14.98
35,306,P0119,4,4004.16,27.41
36,288,P0224,2,2034.29,8.16
37,113,P0135,4,488.13,31.27
38,466,P0314,5,4057.12,34.23
39,273,P0415,3,1417.23,9.4
40,149,P0057,1,3220.77,30.89
41,252,P0097,3,1671.15,7.61
42,498,P0053,-5,1482.36,6.25
43,120,P0047,4,838.35,24.68
44,403,P0410,3,2542.14,18.57
45,432,P0385,1,4763.06,2.8
46,241,P0093,4,1041.74,42.08
47,63,P0499,4,3863.91,12.45
48,18,P0102,4,2358.09,38.55
49,107,P0243,5,2006.7,48.06
50,373,P0022,3,3749.15,27.48
51,327,P0153,1,1073.75,44.38
52,121,P0325,2,2227.39,0.75
53,203,P0405,3,1291.14,48.44
54,244,P0353,5,3021.44,18.57
55,256,P0047,1,3461.13,16.92
56,331,P0079,1,3536.51,39.57
57,163,P0286,2,3963.95,37.83
58,11,P0353,4,1951.07,36.22
59,249,P0362,3,2243.75,14.74
60,96,P0279,4,1803.56,36.62
61,307,P0469,3,4316.75,8.02
62,152,P0420,5,1390.41,18.36
63,260,P0195,1,3694.92,44.15
64,398,P0318,5,1270.05,36.05
65,98,P0269,5,3447.8,38.29
66,166,P0210,2,3240.43,5.52
67,23,P0428,5,4695.22,8.93
68,249,P0099,1,583.89,28.55
69,270,P0320,4,3536.44,12.8
70,368,P0037,3,164.12,46.05
71,427,P0041,4,2393.49,31.95
72,481,P0456,3,2138.17,18.45
73,137,P0271,1,299.2,3.52
74,111,P0492,3,2645.48,5.06
75,98,P0099,2,2678.34,12.44
76,286,P0213,2,3755.93,38.31
77,235,P0360,5,3359.69,44.14
78,282,P0206,2,2572.99,32.88
79,227,P0478,5,1826.39,15.76
80,212,P0392,3,3202.88,41.31
81,289,P0280,3,1148.25,38.29
82,232,P0230,3,4803.14,0.01
83,306,P0009,1,2636.29,49.67
84,114,P0110,-3,4293.03,1.09
85,262,P0285,3,2896.27,28.58
86,183,P0080,1,778.2,18.35
87,132,P0416,5,1571.48,28.52
88,376,P0040,5,3645.54,39.65
89,461,P0354,2,3543.95,40.98
90,154,P0020,1,3680.87,28.81
91,472,P0395,1,1738.51,43.99
92,445,P0062,4,4361.95,11.34
93,325,P0399,5,3197.75,2.71
94,277,P0290,5,832.94,25.12
95,345,P0375,2,4987.1,48.55
96,47,P0114,5,2216.48,39.32
97,43,P0244,2,2900.06,2.47
98,205,P0257,4,2229.01,34.89
99,102,P0250,2,2037.06,28.57
100,377,P0269,5,1306.6,3.58
101,474,P0295,4,539.01,33.59
102,98,P0165,4,1788.17,32.77
103,180,P0316,3,4125.76,40.14
104,23,P0474,5,4109.04,9.98
105,373,P0437,3,520.49,36.98
106,475,P0076,2,4356.89,41.01
107,412,P0057,1,1595.08,23.56
108,276,P0109,3,1098.63,26.16
109,319,P0374,3,4962.28,34.75
110,464,P0340,1,2681.32,12.77
111,405,P0357,1,3128.03,2.65
112,339,P0139,1,3348.61,45.64
113,10,P0150,3,4350.31,32.47
114,261,P0364,2,588.06,15.77
115,96,P0102,5,2553.19,22.9
116,473,P0272,1,1594.14,24.5
117,351,P0181,-2,1841.35,15.12
118,32,P0321,5,1362.63,19.36
119,486,P0144,1,1205.36,17.09
120,45,P0374,4,1972.81,48.03
121,352,P0117,5,2144.93,28.64
122,466,P0310,4,1713.5,27.11
123,298,P0278,2,3451.84,10.12
124,362,P0461,2,2666.65,6.76
125,290,P0470,2,874.43,3.39
126,61,P0095,5,1656.23,43.98
127,451,P0499,1,2128.8,20.56
128,421,P0458,4,3220.55,36.92
129,55,P0068,2,1005.26,38.12
130,311,P0291,5,3100.57,29.82
131,184,P0041,2,3471.89,23.83
132,241,P0365,5,3282.89,9.2
133,71,P0084,4,1046.97,1.61
134,487,P0212,1,1190.52,33.57
135,34,P0091,2,4642.81,49.28
136,167,P0444,5,2341.97,12.34
137,312,P0377,4,4139.21,36.01
138,381,P0293,4,3009.65,26.26
139,232,P0234,1,4152.35,2.12
140,203,P0377,2,292.33,19.37
141,226,P0204,1,4433.55,38.68
142,217,P0151,3,3104.36,2.73
143,238,P0425,5,3265.9,4.52
144,399,P0300,5,4695.43,34.81
145,166,P0231,2,222.07,22.68
146,47,P0129,2,1687.97,32.43
147,64,P0047,2,659.41,22.47
148,363,P0197,3,3661.68,48.76
149,194,P0282,5,1964.97,38.41
150,338,P0442,3,835.44,43.44
151,27,P0215,2,1609.5,36.51
152,93,P0061,4,4502.86,48.02
153,130,P0007,1,2347.35,42.77
154,312,P0452,5,2517.99,10.84
155,227,P0041,4,3045.96,0.33
156,322,P0286,5,4118.59,10.38
157,335,P0179,2,279.93,42.69
158,153,P0170,5,4609.89,2.45
159,83,P0345,4,1493.46,33.05
160,288,P0091,5,4834.84,37.47
161,48,P0394,3,1566.54,18.43
162,389,P0219,4,4232.22,3.25
163,356,P0441,4,1444.65,26.35
164,108,P0314,5,385.1,28.57
165,248,P0371,5,3474.41,46.69
166,435,P0163,3,1372.33,28.76
167,67,P0315,5,2856.91,25.99
168,93,P0453,4,3086.09,35.43
169,13,P0239,-2,3164.76,5.9
170,213,P0212,2,322.91,17.48
171,104,P0354,-2,1479.97,39.51
172,282,P0166,3,3858.46,5.69
173,371,P0292,3,3118.37,1.46
174,427,P0174,2,4619.17,23.96
175,331,P0070,4,2459.33,31.36
176,237,P0402,5,4089.42,46.39
177,154,P0290,1,3652.32,15.78
178,296,P0351,-5,1725.42,45.81
179,77,P0144,3,4219.62,16.96
180,432,P0085,4,2897.81,19.48
181,401,P0385,5,1610.58,42.89
182,45,P0255,1,4397.54,18.58
183,155,P0090,3,649.93,39.25
184,228,P0260,2,222.18,24.13
185,175,P0473,5,2469.01,43.69
186,74,P0394,3,4371.82,41.11
187,68,P0106,5,3650.4,22.97
188,160,P0478,5,315.75,42.41
189,456,P0024,1,605.2,38.31
190,389,P0160,-3,3230.37,10.49
191,142,P0273,2,1663.83,22.06
192,81,P0141,1,660.86,47.91
193,106,P0278,5,1816.56,15.92
194,412,P0146,2,2913.01,8.56
195,174,P0277,3,2273.87,6.5
196,26,P0055,4,1979.64,4.31
197,306,P0457,4,3004.51,41.81
198,160,P0171,4,4105.47,35.64
199,473,P0387,5,3845.7,28.39
200,471,P0358,1,2394.55,22.78
201,486,P0115,4,804.24,44.79
202,201,P0094,3,3528.11,33.26
203,16,P0034,3,2429.14,17.57
204,145,P0394,4,1808.22,28.73
205,419,P0366,5,4004.11,16.29
206,273,P0237,1,2064.0,20.67
207,82,P0499,5,2463.64,3.3
208,303,P0221,2,3943.14,21.77
209,121,P0089,3,3346.8,3.89
210,59,P0304,5,3020.77,16.27
211,91,P0158,1,4783.83,3.48
212,306,P0395,1,4117.34,16.37
213,419,P0072,1,4447.58,45.16
214,339,P0077,1,2319.57,14.58
215,101,P0106,5,3439.43,15.83
216,348,P0156,5,4600.66,46.83
217,299,P0005,3,3096.3,25.52
218,32,P0190,2,4515.27,48.39
219,421,P0184,1,637.52,14.11
220,360,P0303,1,2031.91,15.91
221,223,P0280,4,1134.96,8.67
222,197,P0432,2,4629.96,42.0
223,447,P0344,2,715.19,0.58
224,454,P0250,1,3323.84,48.75
225,329,P0413,2,2137.69,22.8
226,320,P0093,5,2326.53,21.21
227,116,P0096,4,2181.38,0.37
228,122,P0365,4,2558.47,20.54
229,18,P0020,5,2883.93,35.24
230,493,P0354,1,492.31,36.51
231,385,P0399,5,1469.16,25.85
232,46,P0126,5,2415.01,37.08
233,277,P0409,1,2940.18,30.65
234,6,P0241,3,2324.77,45.3
235,216,P0181,5,4806.85,39.91
236,356,P0473,3,3028.42,15.2
237,323,P0243,5,2932.89,28.64
238,320,P0014,3,1505.4,4.13
239,402,P0143,5,1335.05,30.79
240,8,P0380,3,646.59,8.73
241,338,P0229,5,1911.86,8.77
242,410,P0271,2,4323.87,17.14
243,305,P0479,1,4126.45,41.88
244,122,P0339,4,2256.91,31.88
245,432,P0177,2,366.2,13.22
246,238,P0205,1,2433.54,23.81
247,350,P0362,5,2011.35,13.13
248,7,P0148,5,4643.39,22.44
249,350,P0490,3,300.99,45.89
250,222,P0313,3,4598.41,42.92
251,411,P0051,3,1351.19,29.21
252,384,P0124,4,3698.14,29.44
253,347,P0354,2,4966.75,15.66
254,426,P0035,1,158.61,4.88
255,180,P0113,1,3653.73,12.59
256,48,P0030,-1,4698.68,32.83
257,327,P0063,2,3569.57,6.0
258,337,P0392,5,4509.5,28.3
259,357,P0095,2,1341.35,23.35
260,473,P0142,1,3869.86,34.61
261,400,P0038,3,1458.71,3.12
262,31,P0133,4,4782.47,13.23
263,476,P0103,4,3090.48,8.92
264,277,P0394,4,2213.14,30.7
265,367,P0133,1,606.11,3.65
266,398,P0229,5,191.95,24.89
267,341,P0200,1,1405.54,35.0
268,264,P0363,4,4705.56,24.53
269,373,P0400,4,4080.15,3.5
270,489,P0353,-2,4108.09,24.1
271,184,P0171,5,3441.0,20.03
272,437,P0492,1,1766.31,42.06
273,91,P0284,3,292.72,19.21
274,200,P0459,2,623.16,34.44
275,324,P0225,4,3703.09,7.0
276,304,P0123,-2,2497.24,3.15
277,256,P0274,5,4828.27,40.59
278,29,P0173,1,3960.11,2.14
279,335,P0342,1,2663.29,47.0
280,297,P0120,5,4631.6,1.84
281,10,P0242,2,4545.18,30.92
282,67,P0008,2,944.02,2.5
283,50,P0234,3,3095.01,41.77
284,55,P0059,1,2536.0,39.96
285,104,P0219,2,1752.98,41.79
286,500,P0351,4,2922.24,6.87
287,304,P0089,2,1743.97,6.04
288,87,P0357,2,1912.64,8.25
289,21,P0069,2,589.84,42.37
290,81,P0009,5,4410.17,4.04
291,46,P0362,1,3293.6,44.35
292,406,P0396,4,2432.46,6.34
293,268,P0231,2,2118.95,46.9
294,306,P0093,5,3614.27,30.6
295,401,P0155,1,1804.48,0.23
296,272,P0049,2,3132.71,43.14
297,238,P0395,5,3169.67,10.41
298,408,P0077,1,3457.69,48.43
299,82,P0344,4,4621.1,2.7
300,223,P0129,3,1738.04,40.26
301,380,P0027,4,4631.82,8.79
302,60,P0037,1,4485.89,36.07
303,215,P0102,5,3760.73,44.92
304,167,P0117,2,580.51,36.89
305,113,P0038,2,2407.85,24.22
306,476,P0313,4,2329.46,19.37
307,100,P0324,2,1857.09,13.48
308,355,P0292,3,392.29,6.83
309,88,P0390,4,1783.52,44.32
310,407,P0327,5,4768.52,45.28
311,438,P0118,5,523.72,42.85
312,111,P0303,4,2420.1,23.14
313,377,P0447,1,1308.61,16.36
314,475,P0303,5,4736.64,45.69
315,23,P0021,1,4957.24,36.67
316,272,P0202,5,2448.42,39.9
317,124,P0043,1,2836.59,0.62
318,68,P0184,4,1549.37,32.38
319,343,P0157,-1,892.83,22.96
320,13,P0500,5,2328.72,38.59
321,447,P0190,4,3171.37,35.2
322,37,P0198,1,4477.83,16.65
323,386,P0139,1,3520.47,30.63
324,404,P0351,5,496.7,44.04
325,466,P0346,1,1883.55,2.58
326,317,P0021,4,1891.3,8.76
327,288,P0364,5,3890.52,6.92
328,59,P0333,3,2444.62,46.96
329,360,P0108,5,3790.55,38.04
330,137,P0258,3,3433.11,13.86
331,232,P0249,1,2557.11,41.48
332,348,P0423,4,2710.99,14.61
333,345,P0485,5,3496.79,48.9
334,453,P0235,1,527.81,19.53
335,490,P0040,2,635.89,13.8
336,448,P0105,2,2651.37,31.36
337,350,P0278,3,4665.44,23.7
338,331,P0011,4,1528.43,3.15
339,267,P0331,2,1745.8,28.94
340,341,P0357,3,2697.81,27.42
341,68,P0460,4,3967.81,8.59
342,191,P0498,3,1511.92,42.28
343,234,P0490,2,915.18,46.21
344,499,P0090,5,4212.73,34.64
345,60,P0022,2,4969.49,28.73
346,95,P0106,4,2856.19,1.73
347,76,P0191,3,2297.3,48.77
348,472,P0013,5,2082.36,24.97
349,476,P0164,2,864.66,48.51
350,170,P0332,5,3556.71,23.7
351,387,P0294,3,3367.75,39.98
352,58,P0375,4,2447.01,2.0
353,13,P0206,5,3125.86,11.02
354,29,P0312,3,3242.43,29.17
355,393,P0143,2,1059.01,4.18
356,491,P0045,4,4881.61,19.72
357,310,P0262,4,4722.67,45.42
358,367,P0438,3,2195.44,19.31
359,180,P0158,1,4889.87,43.72
360,455,P0228,1,3733.49,20.78
361,413,P0373,4,4854.77,21.19
362,301,P0307,4,521.78,10.39
363,269,P0172,4,423.97,48.0
364,210,P0328,4,4580.61,20.73
365,291,P0387,5,4582.87,9.96
366,252,P0022,4,4131.72,15.1
367,287,P0379,5,2370.91,1.34
368,154,P0490,1,3238.72,31.83
369,458,P0148,1,2144.07,24.59
370,392,P0142,-2,2515.95,48.53
371,298,P0247,5,2871.32,43.42
372,419,P0062,4,1928.69,36.65
373,84,P0298,1,386.7,15.98
374,28,P0140,2,1869.7,31.81
375,150,P0272,3,3230.84,3.84
376,94,P0392,2,563.09,37.63
377,162,P0424,5,4240.47,39.99
378,353,P0186,3,569.58,29.0
379,266,P0145,-2,1927.77,24.24
380,84,P0053,3,1167.59,25.17
381,287,P0315,2,3479.3,47.62
382,360,P0388,5,4032.64,20.87
383,68,P0473,1,185.16,17.41
384,227,P0456,3,4939.15,26.16
385,156,P0015,3,3747.86,5.93
386,73,P0353,2,1210.21,6.27
387,218,P0354,2,3838.82,5.59
388,388,P0221,1,308.33,5.39
389,241,P0061,5,4551.79,2.16
390,387,P0050,3,3933.62,46.0
391,103,P0095,2,3385.94,1.46
392,483,P0143,2,4749.08,17.39
393,400,P0374,2,3103.49,25.25
394,297,P0391,1,168.52,10.85
395,88,P0462,2,3794.69,0.22
396,472,P0259,1,4271.35,23.74
397,345,P0491,5,625.89,41.74
398,264,P0117,4,2097.13,38.07
399,57,P0267,3,765.97,38.11
400,21,P0043,3,1707.77,5.79
401,377,P0160,3,3466.53,42.05
402,149,P0438,2,2197.01,42.84
403,189,P0092,4,162.65,33.71
404,268,P0338,1,3414.94,5.96
405,303,P0053,4,3733.02,44.62
406,500,P0102,2,1759.3,29.75
407,430,P0218,4,3653.48,13.93
408,388,P0405,5,4024.82,47.16
409,309,P0487,3,2081.77,24.23
410,233,P0056,3,698.73,24.47
411,69,P0016,2,588.06,2.64
412,14,P0498,1,977.57,30.23
413,319,P0320,3,572.03,3.83
414,406,P0239,5,1089.47,33.1
415,278,P0176,4,4066.46,27.03
416,17,P0221,1,4412.62,5.96
417,193,P0227,4,2352.32,1.64
418,400,P0156,5,4435.03,8.21
419,367,P0200,4,2488.53,5.47
420,351,P0277,4,2903.83,23.8
421,201,P0135,2,2523.99,48.54
422,393,P0146,5,1670.37,1.41
423,188,P0179,1,4066.81,29.2
424,220,P0177,3,4960.53,20.6
425,127,P0121,1,3275.61,29.63
426,59,P0173,1,931.92,26.92
427,443,P0217,1,2883.44,45.07
428,241,P0302,-3,208.96,15.83
429,294,P0051,5,4060.8,5.0
430,258,P0416,2,3848.03,16.98
431,497,P0224,5,1088.62,31.77
432,275,P0110,1,1508.04,2.38
433,116,P0320,5,3740.15,4.6
434,173,P0140,5,429.62,40.06
435,178,P0408,4,475.64,41.19
436,222,P0340,5,2745.74,10.0
437,264,P0233,4,3390.65,27.38
438,265,P0442,1,1014.04,24.96
439,327,P0273,4,4063.77,42.64
440,373,P0321,4,393.42,10.03
441,78,P0383,4,3458.0,15.01
442,441,P0426,4,4564.58,31.7
443,147,P0331,4,886.86,34.34
444,59,P0077,2,1040.39,12.28
445,287,P0224,3,2167.89,45.28
446,70,P0015,2,1366.14,40.18
447,437,P0022,5,4822.56,24.29
448,460,P0043,1,1638.13,14.9
449,209,P0460,1,1880.83,32.87
450,430,P0371,1,4229.48,11.8
451,478,P0062,5,2657.59,41.45
452,453,P0047,5,1266.58,6.11
453,300,P0378,3,2010.76,37.42
454,112,P0074,2,623.39,10.71
455,131,P0442,3,2988.46,24.52
456,58,P0163,3,2774.15,23.74
457,451,P0402,2,4691.16,18.15
458,11,P0331,3,4837.35,30.29
459,404,P0344,1,1274.41,27.64
460,359,P0186,3,4525.47,34.26
461,440,P0227,5,2003.51,45.49
462,470,P0131,4,1574.35,46.82
463,441,P0456,2,885.11,21.94
464,393,P0330,3,2090.82,1.69
465,482,P0252,1,2408.35,20.65
466,449,P0471,3,4119.18,41.22
467,181,P0216,3,3050.37,40.67
468,15,P0391,3,355.28,32.08
469,70,P0002,4,2063.24,31.41
470,57,P0081,3,1323.06,35.68
471,352,P0211,2,3983.95,15.97
472,69,P0134,4,950.05,29.65
473,102,P0044,3,2131.03,9.09
474,453,P0293,4,1199.99,47.41
475,321,P0118,5,4543.54,48.71
476,437,P0087,2,343.94,30.9
477,46,P0491,5,1902.81,47.36
478,270,P0223,-1,3889.46,46.41
479,366,P0105,4,1033.67,43.1
480,254,P0196,3,737.98,42.82
481,422,P0145,5,3660.87,9.47
482,75,P0015,2,1521.95,13.09
483,128,P0190,5,2956.23,32.36
484,69,P0447,-1,1683.91,34.65
485,363,P0217,2,3706.91,12.81
486,27,P0171,1,4662.22,23.55
487,481,P0344,3,4839.33,29.91
488,259,P0318,-1,1966.59,48.88
489,457,P0287,3,301.51,8.97
490,477,P0174,2,4401.69,6.6
491,222,P0073,3,1375.99,15.66
492,499,P0428,2,1476.9,18.03
493,449,P0135,4,3103.36,38.08
494,224,P0458,3,908.42,36.84
495,78,P0285,4,4279.86,32.87
496,77,P0028,4,1226.32,1.79
497,240,P0224,3,668.52,44.76
498,183,P0364,4,2848.19,22.89
499,444,P0076,1,705.91,4.68
500,87,P0384,3,2592.82,13.64
501,498,P0003,5,2677.48,28.54
502,127,P0394,4,2540.74,4.72
503,349,P0349,-3,697.76,18.68
504,79,P0015,1,497.21,41.53
505,490,P0138,4,3011.6,0.29
506,487,P0232,1,1692.09,36.58
507,442,P0025,5,4027.63,14.15
508,281,P0488,1,3051.23,4.63
509,495,P0395,3,4341.03,4.46
510,400,P0207,2,1496.19,37.63
511,252,P0411,2,2218.56,40.32
512,309,P0068,3,1859.32,4.81
513,251,P0229,3,4438.52,23.82
514,47,P0388,5,2170.43,18.41
515,219,P0048,2,298.15,17.09
516,332,P0352,4,3596.81,46.53
517,269,P0043,5,1524.44,21.87
518,66,P0351,4,4524.23,42.08
519,292,P0025,5,2799.87,45.87
520,218,P0212,5,562.97,33.04
521,182,P0131,5,2969.28,38.43
522,339,P0237,1,979.81,9.11
523,214,P0449,4,3551.45,15.7
524,231,P0320,4,4058.39,17.07
525,41,P0383,2,4912.71,12.97
526,10,P0003,1,2035.18,0.67
527,208,P0445,4,3322.81,37.21
528,417,P0499,4,3122.05,34.53
529,45,P0065,4,762.06,9.54
530,97,P0440,1,231.39,24.06
531,224,P0432,2,3167.69,39.5
532,395,P0238,2,826.01,21.09
533,79,P0379,1,3542.73,48.19
534,231,P0300,-4,1288.89,14.74
535,5,P0053,4,3189.01,35.65
536,378,P0297,4,3019.61,27.72
537,205,P0249,3,2615.44,36.23
538,32,P0271,4,193.2,28.82
539,458,P0332,5,2143.97,23.67
540,331,P0178,4,2296.79,21.81
541,99,P0241,2,1784.85,11.61
542,351,P0174,2,4616.5,42.67
543,151,P0371,4,3585.79,47.99
544,410,P0498,3,4238.2,31.09
545,45,P0342,3,2466.16,8.66
546,52,P0407,2,2138.32,49.69
547,286,P0025,3,4996.38,17.94
548,82,P0090,3,4156.95,44.72
549,173,P0221,1,658.45,11.33
550,133,P0175,5,3945.94,38.47
551,78,P0437,5,3481.66,25.77
552,475,P0485,1,2245.35,22.86
553,401,P0313,1,3087.31,42.92
554,22,P0260,1,616.51,31.5
555,81,P0373,2,1531.4,22.08
556,446,P0051,5,856.05,18.19
557,104,P0225,2,4851.22,38.46
558,415,P0243,1,1772.47,25.25
559,367,P0387,1,2133.54,31.47
560,386,P0272,2,2166.44,11.41
561,210,P0460,4,2347.89,42.62
562,227,P0075,3,3873.74,35.88
563,44,P0174,5,1642.54,49.1
564,202,P0389,2,281.76,46.13
565,30,P0324,2,4902.23,39.95
566,215,P0206,5,4440.34,35.04
567,161,P0466,3,1786.37,41.35
568,76,P0359,5,2079.3,32.19
569,317,P0334,5,2266.5,17.26
570,452,P0155,4,512.98,26.87
571,379,P0451,4,717.43,49.6
572,262,P0283,3,1630.04,17.04
573,456,P0408,-2,2745.67,12.93
574,259,P0057,3,3686.73,42.08
575,182,P0064,3,333.89,32.55
576,294,P0378,1,125.55,16.95
577,298,P0290,2,3601.77,46.88
578,120,P0180,5,1566.09,33.35
579,366,P0194,5,2646.37,12.38
580,99,P0422,3,3914.89,22.72
581,425,P0211,2,501.54,3.11
582,229,P0040,2,1909.54,26.31
583,399,P0203,5,4372.87,29.22
584,353,P0477,4,4744.32,36.59
585,74,P0259,4,722.91,35.56
586,263,P0442,2,2692.79,34.72
587,383,P0081,4,4725.94,18.47
588,210,P0057,1,692.25,28.59
589,61,P0191,1,1594.13,18.72
590,406,P0074,3,796.49,29.48
591,157,P0456,1,1489.06,9.15
592,281,P0179,-4,431.07,2.23
593,290,P0232,4,4511.41,39.07
594,427,P0311,4,750.77,6.93
595,342,P0230,4,830.01,36.39
596,341,P0320,1,2107.18,11.64
597,24,P0491,4,3385.17,22.15
598,444,P0085,3,3565.32,28.6
599,64,P0330,3,2840.83,9.62
600,388,P0028,5,4790.73,26.09
601,10,P0062,4,3325.45,26.59
602,106,P0126,1,4165.48,41.95
603,414,P0274,5,3073.59,20.09
604,479,P0012,1,1765.79,9.03
605,163,P0196,1,1360.17,5.73
606,147,P0074,1,995.08,38.42
607,209,P0348,2,929.04,30.72
608,366,P0030,3,1560.32,4.94
609,166,P0133,2,1940.01,41.39
610,123,P0386,1,3025.32,11.82
611,198,P0487,5,663.9,3.03
612,34,P0248,4,241.64,31.68
613,494,P0301,1,3407.98,12.32
614,65,P0156,5,2884.4,22.3
615,496,P0073,5,1929.2,49.27
616,217,P0493,2,4566.31,22.59
617,493,P0425,1,3141.58,32.65
618,478,P0472,-2,2462.71,29.89
619,432,P0324,4,1142.5,42.03
620,379,P0274,3,2859.1,15.03
621,426,P0072,4,3652.86,49.94
622,259,P0491,4,4030.08,44.2
623,386,P0363,3,2318.32,12.3
624,236,P0492,3,3037.62,0.79
625,2,P0312,2,2434.99,45.07
626,459,P0357,2,3546.17,38.12
627,449,P0333,5,3291.21,26.93
628,181,P0498,4,4082.63,41.37
629,430,P0394,3,4078.16,49.19
630,480,P0099,1,2278.43,11.08
631,349,P0472,1,3575.07,9.58
632,414,P0368,5,1183.62,49.01
633,253,P0464,3,3549.83,30.3
634,421,P0327,1,2040.82,43.5
635,88,P0283,5,1049.47,36.94
636,34,P0302,5,728.41,3.25
637,439,P0117,3,4416.92,36.44
638,348,P0012,3,4960.56,34.65
639,349,P0287,5,4427.2,0.1
640,483,P0333,4,354.13,46.94
641,209,P0141,4,696.42,25.91
642,389,P0023,4,4430.63,11.23
643,273,P0230,3,1649.59,19.59
644,293,P0414,3,224.32,36.87
645,470,P0128,4,1064.7,16.46
646,50,P0015,1,2451.84,40.4
647,479,P0172,5,4218.49,12.36
648,175,P0427,4,366.72,16.68
649,398,P0308,2,3135.88,38.2
650,44,P0499,4,397.37,1.67
651,356,P0034,3,3934.97,3.1
652,313,P0321,4,2216.01,5.09
653,151,P0436,1,1969.13,4.79
654,307,P0404,4,3332.65,0.53
655,220,P0451,4,3139.03,5.06
656,169,P0301,1,1043.16,5.13
657,304,P0405,5,4219.82,45.22
658,132,P0182,2,2162.93,36.23
659,71,P0409,4,315.95,6.38
660,492,P0334,5,3796.43,15.56
661,76,P0241,5,1612.5,17.15
662,266,P0301,3,3322.62,7.23
663,428,P0287,2,4307.64,21.1
664,328,P0466,2,1086.18,3.42
665,356,P0355,2,4911.42,29.99
666,290,P0494,3,1744.74,14.98
667,233,P0449,3,3967.04,2.11
668,328,P0115,2,3496.78,23.33
669,377,P0394,2,4767.68,16.58
670,95,P0423,4,4950.4,18.14
671,285,P0059,1,797.77,22.02
672,185,P0023,5,4879.02,9.96
673,454,P0135,3,3622.3,16.99
674,101,P0012,5,962.78,13.09
675,347,P0071,-1,1956.72,39.37
676,108,P0157,1,2335.4,18.48
677,482,P0270,3,4887.8,49.88
678,34,P0061,4,807.72,46.21
679,194,P0356,2,1933.85,29.98
680,391,P0316,2,2977.9,42.72
681,168,P0127,3,360.97,39.78
682,496,P0300,2,4440.59,10.46
683,405,P0340,1,3112.94,8.37
684,331,P0385,4,2594.88,24.93
685,365,P0192,4,2674.83,24.16
686,298,P0206,4,3226.72,39.53
687,459,P0104,1,2315.19,11.72
688,456,P0194,2,2899.71,46.77
689,44,P0069,3,3782.95,14.75
690,299,P0022,5,2379.74,31.06
691,222,P0210,4,1900.81,24.88
692,92,P0227,3,1245.57,32.27
693,151,P0432,3,2558.65,27.33
694,475,P0117,1,582.2,3.57
695,171,P0101,1,3408.03,12.5
696,310,P0071,3,4992.18,37.62
697,5,P0395,5,1567.42,41.12
698,421,P0297,4,3813.25,0.59
699,488,P0077,5,4340.78,11.38
700,265,P0301,2,3951.28,37.88
701,44,P0161,4,4244.43,21.44
702,231,P0437,4,2836.39,18.74
703,157,P0483,5,3715.24,24.99
704,215,P0218,3,3460.24,20.17
705,301,P0012,5,2881.13,1.61
706,488,P0170,2,2884.14,39.96
707,201,P0196,5,1100.6,19.53
708,244,P0056,5,1711.32,48.1
709,54,P0346,3,2809.24,1.6
710,96,P0102,5,440.51,48.15
711,150,P0338,3,2669.54,22.73
712,88,P0168,3,4312.57,20.54
713,67,P0275,2,2150.22,37.16
714,444,P0106,4,736.67,10.28
715,341,P0244,4,878.03,28.75
716,258,P0367,3,3455.7,13.77
717,229,P0033,1,4140.45,30.24
718,467,P0292,2,4408.27,23.01
719,47,P0148,5,3266.87,45.94
720,365,P0406,3,1557.5,30.65
721,92,P0461,2,3126.91,21.6
722,94,P0358,4,2886.21,19.68
723,446,P0081,1,1441.5,31.4
724,35,P0358,3,3660.03,45.11
725,391,P0284,4,694.03,18.44
726,400,P0167,1,2109.47,8.24
727,237,P0014,2,458.66,34.72
728,382,P0205,4,4293.29,19.83
729,364,P0470,1,768.75,33.51
730,35,P0043,4,2787.3,12.11
731,421,P0143,4,4223.66,8.53
732,91,P0151,1,708.34,37.07
733,391,P0006,2,3419.18,7.67
734,366,P0018,3,4474.17,26.61
735,429,P0326,4,4076.41,32.05
736,158,P0228,1,356.83,0.23
737,476,P0128,4,1935.76,11.93
738,15,P0008,-1,1751.87,9.61
739,452,P0050,1,4004.93,41.52
740,23,P0213,2,2611.25,40.78
741,98,P0320,3,1114.88,27.09
742,110,P0055,4,1847.22,8.68
743,7,P0200,4,1142.56,11.0
744,189,P0023,3,429.92,10.93
745,256,P0053,3,3591.4,39.56
746,492,P0049,5,3039.35,49.07
747,498,P0395,4,3499.23,16.6
748,342,P0247,3,430.82,0.88
749,262,P0328,5,3734.89,25.17
750,316,P0389,1,4494.22,15.44
751,318,P0041,4,393.62,18.73
752,193,P0105,3,3245.99,11.9
753,228,P0379,5,4398.93,6.71
754,390,P0021,3,2652.28,48.88
755,118,P0434,3,3691.08,17.14
756,465,P0470,2,3358.53,12.42
757,196,P0267,2,1676.02,22.12
758,252,P0036,1,4772.94,2.61
759,65,P0047,2,951.01,27.44
760,41,P0219,2,3652.45,15.57
761,91,P0311,2,1319.95,14.27
762,104,P0140,4,4325.89,24.06
763,86,P0242,3,2262.74,25.26
764,420,P0489,4,3988.44,0.99
765,43,P0389,4,4541.64,15.01
766,373,P0090,5,1360.73,23.18
767,288,P0311,4,2456.14,16.66
768,470,P0098,4,120.48,43.08
769,474,P0213,3,4707.4,48.52
770,158,P0329,3,4938.86,3.56
771,64,P0198,1,4667.43,8.12
772,395,P0468,4,3782.73,17.43
773,189,P0357,4,382.75,19.27
774,125,P0245,4,269.09,40.66
775,331,P0076,1,1380.52,22.77
776,309,P0297,2,4763.71,42.08
777,48,P0330,1,3586.89,19.22
778,42,P0266,5,4558.75,43.8
779,130,P0355,2,1580.88,48.38
780,376,P0211,4,3787.07,46.22
781,294,P0398,1,4007.92,40.71
782,477,P0384,3,2050.05,15.41
783,1,P0050,2,442.22,34.82
784,148,P0376,5,2211.65,8.82
785,102,P0250,2,991.72,47.42
786,109,P0096,4,1084.61,37.5
787,462,P0447,2,2103.08,31.34
788,326,P0086,5,491.07,4.29
789,176,P0016,1,2969.67,23.89
790,137,P0385,-1,4780.55,33.27
791,268,P0406,1,135.58,30.15
792,243,P0388,3,1751.45,21.47
793,176,P0162,3,4102.55,47.05
794,30,P0500,4,1844.54,16.51
795,446,P0358,-1,2068.86,41.77
796,63,P0445,-2,2700.08,47.55
797,317,P0352,2,3328.49,23.76
798,2,P0327,4,4791.98,40.63
799,448,P0024,1,4851.03,36.79
800,249,P0205,4,3722.1,39.7
801,477,P0483,3,4661.14,49.34
802,151,P0311,1,1055.88,7.16
803,402,P0439,5,3611.66,1.59
804,155,P0427,4,3398.0,27.44
805,229,P0489,4,666.83,33.13
806,88,P0386,2,4726.63,35.0
807,367,P0015,1,885.15,46.45
808,113,P0369,4,1362.38,23.82
809,473,P0274,1,3204.39,24.6
810,478,P0295,3,3855.05,30.03
811,368,P0381,3,3706.41,19.08
812,224,P0414,5,1243.5,12.95
813,46,P0175,3,3728.85,46.86
814,66,P0437,1,1635.52,19.01
815,303,P0275,1,1030.3,19.41
816,187,P0409,4,3428.58,39.83
817,303,P0114,5,622.27,0.46
818,418,P0483,4,1554.44,10.95
819,146,P0075,4,3760.59,42.46
820,159,P0258,1,4952.64,6.17
821,425,P0111,5,2525.63,35.21
822,415,P0171,4,848.24,35.84
823,27,P0473,2,4340.62,8.95
824,154,P0418,4,3330.33,42.43
825,173,P0217,1,3421.7,49.52
826,271,P0373,4,1486.9,34.82
827,281,P0202,2,576.87,16.17
828,28,P0436,5,4679.42,15.2
829,227,P0357,2,2463.96,44.86
830,384,P0101,2,3703.06,0.46
831,403,P0440,5,823.27,47.52
832,87,P0475,4,376.02,17.78
833,27,P0061,4,4903.36,32.5
834,77,P0322,5,3640.5,12.25
835,251,P0155,1,3471.12,47.73
836,408,P0344,4,3326.74,38.89
837,335,P0228,4,1899.88,6.0
838,329,P0343,1,4551.54,11.25
839,294,P0246,5,1441.25,37.27
840,248,P0331,5,3543.41,14.92
841,33,P0366,2,4553.51,39.76
842,359,P0011,2,2029.6,40.87
843,266,P0429,5,2965.14,35.69
844,107,P0495,1,3327.05,5.87
845,3,P0285,5,2291.44,15.71
846,106,P0335,1,889.93,28.12
847,64,P0260,1,1563.03,48.31
848,484,P0337,2,100.42,15.03
849,151,P0338,5,2717.1,6.99
850,268,P0467,4,4931.5,17.61
851,353,P0051,5,3346.82,2.24
852,154,P0439,1,4179.88,47.87
853,303,P0184,5,1459.24,36.46
854,131,P0134,4,1970.73,45.18
855,484,P0131,4,3414.98,47.01
856,37,P0323,2,3690.11,49.77
857,289,P0337,2,3274.08,25.57
858,79,P0162,2,4963.0,21.68
859,127,P0040,1,1423.61,26.57
860,169,P0328,5,535.97,45.46
861,409,P0116,3,1440.87,4.9
862,54,P0401,2,4635.62,8.79
863,414,P0251,3,568.15,17.45
864,283,P0139,5,3076.59,44.83
865,385,P0200,2,985.3,40.3
866,452,P0436,5,2072.99,29.62
867,263,P0366,-3,861.91,6.32
868,137,P0028,4,4600.36,31.96
869,128,P0348,3,3082.64,35.34
870,182,P0409,2,2396.46,14.34
871,368,P0452,4,4626.68,11.44
872,209,P0395,1,1632.41,4.51
873,123,P0484,1,558.8,28.77
874,284,P0476,1,2514.97,43.72
875,478,P0375,4,768.5,24.89
876,208,P0008,5,3119.8,45.54
877,360,P0274,1,3773.37,12.21
878,22,P0311,5,2298.4,8.43
879,90,P0039,5,1898.55,6.67
880,217,P0254,3,1957.56,18.66
881,348,P0128,1,4175.46,42.54
882,248,P0151,1,1397.28,0.11
883,473,P0157,5,4652.63,47.96
884,19,P0479,5,2368.98,30.89
885,4,P0316,4,2355.73,14.92
886,456,P0370,-1,1012.17,17.73
887,102,P0044,1,2692.57,44.93
888,250,P0004,4,862.59,32.83
889,192,P0154,2,1886.03,44.61
890,56,P0225,5,3315.77,21.97
891,223,P0003,2,1860.26,43.53
892,146,P0021,2,755.03,21.05
893,83,P0342,3,1075.06,23.96
894,251,P0282,3,2528.28,34.09
895,392,P0400,2,4420.66,25.09
896,491,P0056,4,3984.29,6.31
897,393,P0351,3,1258.87,33.92
898,306,P0378,3,139.34,24.01
899,390,P0220,3,1313.96,7.62
900,144,P0393,5,663.6,13.18
901,220,P0102,2,2422.07,39.14
902,258,P0313,1,987.82,49.63
903,77,P0118,5,690.26,20.06
904,476,P0075,3,2188.88,30.82
905,195,P0209,1,2672.36,35.01
906,219,P0246,2,400.61,21.35
907,138,P0187,1,1474.72,17.55
908,459,P0025,4,990.58,0.03
909,242,P0144,3,4551.56,5.04
910,252,P0187,2,1737.98,5.58
911,395,P0442,1,738.51,18.03
912,302,P0271,3,3063.1,11.91
913,197,P0045,3,4447.25,6.52
914,301,P0496,5,4569.67,32.72
915,229,P0474,2,583.32,47.09
916,372,P0243,5,4949.26,10.1
917,99,P0215,2,2797.43,12.63
918,459,P0188,5,2297.56,35.87
919,215,P0269,4,4663.53,25.19
920,141,P0357,1,4840.69,14.48
921,498,P0356,5,1031.94,40.73
922,446,P0263,4,4860.54,8.28
923,400,P0200,5,2064.16,13.57
924,293,P0112,-2,3001.35,0.44
925,363,P0369,5,2672.86,15.17
926,138,P0283,2,683.61,11.2
927,21,P0328,5,825.88,44.18
928,405,P0027,2,3247.82,12.45
929,1,P0333,2,1802.56,30.26
930,485,P0362,3,4431.53,13.2
931,314,P0151,2,1690.71,2.86
932,113,P0375,1,4829.61,8.84
933,445,P0399,1,4701.18,29.16
934,132,P0446,4,3168.53,30.22
935,113,P0167,2,1417.09,29.08
936,119,P0374,4,3658.8,18.43
937,93,P0236,4,1006.64,43.12
938,483,P0374,2,983.99,14.1
939,91,P0419,3,2031.57,30.39
940,219,P0126,1,2329.62,32.26
941,270,P0071,4,3661.15,40.4
942,197,P0011,5,639.17,0.68
943,395,P0043,1,1411.52,46.93
944,495,P0005,-5,4792.33,5.32
945,44,P0104,3,782.23,37.98
946,158,P0170,4,2446.65,12.19
947,322,P0279,5,703.07,41.25
948,53,P0262,1,4443.64,20.76
949,13,P0117,1,2192.96,7.37
950,451,P0351,3,1985.24,44.21
951,57,P0115,1,598.51,47.79
952,171,P0061,3,1866.42,46.24
953,310,P0078,1,972.53,26.52
954,218,P0077,5,4476.28,34.36
955,179,P0449,5,609.22,45.81
956,416,P0465,3,3585.4,3.82
957,77,P0399,1,3313.69,16.01
958,408,P0403,4,4884.06,40.73
959,492,P0373,1,1464.53,4.52
960,198,P0181,2,1664.65,21.19
961,326,P0171,4,777.28,47.2
962,282,P0255,2,2739.86,24.63
963,197,P0043,5,2946.72,21.09
964,416,P0384,5,1174.74,4.36
965,436,P0009,-3,1875.75,23.7
966,31,P0467,2,1811.8,42.44
967,74,P0428,2,4281.23,48.59
968,424,P0115,4,373.74,6.89
969,14,P0357,2,4828.07,18.58
970,38,P0245,1,4203.44,43.52
971,73,P0041,1,1300.72,0.62
972,94,P0241,4,3743.43,37.41
973,370,P0173,3,2275.47,32.24
974,80,P0031,1,4417.67,1.61
975,6,P0203,2,4180.13,34.0
976,425,P0133,4,4603.84,25.09
977,81,P0140,2,4868.3,26.08
978,206,P0317,2,374.38,19.61
979,40,P0419,5,3492.89,23.87
980,85,P0028,4,4036.36,32.33
981,54,P0040,2,1877.24,38.94
982,145,P0084,-3,2753.68,3.27
983,466,P0159,-5,1019.94,10.09
984,44,P0292,1,2867.5,28.19
985,162,P0048,4,4723.19,0.42
986,491,P0204,3,2551.06,15.72
987,499,P0067,4,3543.02,4.87
988,258,P0052,4,2560.67,38.75
989,196,P0245,1,2973.16,42.6
990,350,P0238,3,485.89,31.3
991,414,P0349,2,3305.68,38.44
992,257,P0265,2,4962.17,30.44
993,175,P0230,5,3948.22,16.95
994,482,P0221,3,296.06,35.64
995,313,P0311,4,467.49,7.62
996,8,P0074,4,3854.95,15.48
997,233,P0161,1,931.62,14.78
998,187,P0181,1,537.22,8.96
999,243,P0132,4,3839.42,22.1
1000,498,P0292,2,2492.47,18.17
1001,439,P0318,3,4593.99,6.45
1002,320,P0488,3,1636.86,4.17
1003,135,P0450,4,4390.13,34.13
1004,30,P0380,5,3973.89,34.99
1005,437,P0054,-5,1524.24,7.91
1006,115,P0199,4,4383.38,33.46
1007,329,P0274,3,4510.62,23.24
1008,56,P0470,1,4801.79,19.85
1009,169,P0034,4,1654.7,49.82
1010,380,P0244,4,660.2,22.73
1011,241,P0075,5,3237.06,16.01
1012,397,P0195,1,405.76,40.43
1013,110,P0028,4,1136.32,1.15
1014,326,P0091,4,509.6,3.46
1015,448,P0365,4,2311.96,20.99
1016,133,P0095,2,4169.69,4.62
1017,386,P0153,4,906.21,17.46
1018,275,P0353,4,3940.9,48.28
1019,355,P0293,4,2006.78,0.5
1020,371,P0342,5,2934.6,7.23
1021,460,P0235,-3,4675.72,24.97
1022,497,P0346,3,2091.29,26.03
1023,483,P0427,1,4300.61,31.71
1024,112,P0382,5,4897.26,21.01
1025,308,P0194,5,1159.07,10.49
1026,296,P0490,2,170.42,40.69
1027,158,P0258,1,4113.35,6.24
1028,234,P0212,4,2110.9,17.61
1029,499,P0392,5,1745.55,46.32
1030,91,P0284,4,3014.97,27.14
1031,338,P0353,4,3433.38,31.71
1032,464,P0439,5,586.2,4.38
1033,9,P0316,1,4669.23,5.18
1034,52,P0325,5,2276.11,29.06
1035,437,P0216,1,1138.17,38.84
1036,101,P0439,5,2400.91,6.22
1037,421,P0331,4,3548.79,37.06
1038,401,P0115,1,2587.05,13.38
1039,463,P0408,3,4555.75,33.67
1040,213,P0017,1,176.1,7.67
1041,266,P0420,3,3732.1,15.87
1042,221,P0124,2,2823.12,19.57
1043,425,P0027,5,4026.53,28.89
1044,200,P0373,2,951.21,45.21
1045,119,P0051,5,3579.12,6.32
1046,402,P0201,1,4230.85,31.37
1047,82,P0486,3,1679.78,4.66
1048,322,P0395,1,3007.11,1.39
1049,41,P0293,5,1973.78,37.12
1050,325,P0324,2,3910.19,9.33
1051,275,P0431,2,1301.75,39.0
1052,338,P0027,4,1447.33,46.75
1053,297,P0444,1,606.75,22.96
1054,73,P0145,5,1383.77,9.03
1055,186,P0468,1,4207.75,19.54
1056,212,P0038,4,2483.93,31.28
1057,193,P0456,2,1636.57,45.42
1058,6,P0463,2,975.52,28.36
1059,61,P0500,5,1779.77,17.34
1060,3,P0082,5,2656.57,12.73
1061,16,P0275,1,212.89,25.59
1062,187,P0059,2,4503.0,1.47
1063,373,P0355,2,4705.26,13.38
1064,48,P0179,4,3569.61,32.6
1065,254,P0224,4,2612.02,20.0
1066,102,P0352,2,4245.58,35.87
1067,407,P0393,4,2979.14,8.28
1068,250,P0222,2,4426.0,21.19
1069,319,P0056,3,3075.75,21.47
1070,460,P0324,5,4114.77,22.47
1071,130,P0301,1,2108.06,30.19
1072,16,P0059,5,981.53,16.13
1073,38,P0111,2,3319.08,18.6
1074,164,P0353,3,153.42,16.44
1075,165,P0461,4,1239.98,3.31
1076,270,P0112,3,604.31,13.9
1077,414,P0441,5,3389.59,28.7
1078,223,P0163,4,4085.63,9.91
1079,256,P0024,1,4952.27,21.06
1080,308,P0168,1,2996.74,11.82
1081,330,P0402,1,4294.91,49.4
1082,431,P0496,4,2073.77,44.79
1083,331,P0009,5,440.33,4.76
1084,141,P0163,4,3793.09,20.02
1085,253,P0314,5,330.66,14.92
1086,329,P0496,4,4561.31,42.15
1087,115,P0025,5,4144.74,6.94
1088,371,P0224,3,1209.07,4.4
1089,276,P0003,3,4677.14,43.4
1090,23,P0057,3,335.22,15.21
1091,314,P0406,3,4081.18,13.5
1092,299,P0236,2,687.52,15.97
1093,455,P0436,2,4832.6,20.66
1094,268,P0271,4,1278.56,23.9
1095,165,P0396,4,3681.24,11.29
1096,365,P0043,3,1829.75,41.78
1097,377,P0439,2,1108.87,3.9
1098,7,P0344,4,1159.06,40.93
1099,175,P0107,2,4088.58,38.08
1100,390,P0484,5,1627.94,22.7
1101,55,P0469,2,737.3,45.83
1102,445,P0318,4,2615.97,39.0
1103,217,P0085,2,3462.7,47.57
1104,76,P0237,5,4393.36,37.25
1105,236,P0096,-2,1407.11,23.81
1106,136,P0061,5,4641.95,4.2
1107,204,P0258,4,2211.16,16.69
1108,51,P0026,4,3278.25,36.6
1109,97,P0207,4,965.56,13.8
1110,222,P0056,5,3437.69,32.32
1111,28,P0459,1,274.87,13.31
1112,142,P0116,1,4424.74,34.98
1113,52,P0113,4,3696.23,43.98
1114,88,P0403,3,1097.52,31.84
1115,2,P0049,5,1006.89,45.39
1116,157,P0437,5,4542.67,11.93
1117,86,P0096,3,1727.56,22.76
1118,220,P0172,1,202.05,48.72
1119,390,P0437,1,147.7,17.61
1120,251,P0448,4,1312.8,5.47
1121,149,P0428,1,1218.61,25.16
1122,52,P0156,2,4039.07,16.78
1123,280,P0132,4,3350.7,12.68
1124,181,P0155,-4,3579.77,44.57
1125,139,P0352,5,2644.61,31.99
1126,439,P0113,2,3330.9,7.08
1127,296,P0380,4,3509.45,21.54
1128,100,P0472,2,4778.59,31.94
1129,348,P0279,3,4506.18,22.46
1130,467,P0348,5,1809.34,16.56
1131,142,P0159,5,1033.81,28.98
1132,63,P0222,3,3997.13,28.33
1133,497,P0005,3,2544.74,34.28
1134,268,P0495,4,1519.93,27.91
1135,148,P0034,2,4018.95,0.78
1136,423,P0304,1,704.84,24.42
1137,339,P0428,1,103.14,12.57
1138,403,P0440,3,2559.77,47.93
1139,45,P0366,5,1426.28,49.8
1140,471,P0042,2,1524.93,1.61
1141,348,P0327,3,1992.58,19.96
1142,472,P0155,1,3025.49,8.67
1143,166,P0412,4,2933.02,34.17
1144,214,P0284,2,1077.66,15.25
1145,322,P0237,3,2774.57,18.8
1146,270,P0227,4,3501.25,25.19
1147,219,P0239,3,2160.48,20.51
1148,14,P0491,1,3857.17,4.42
1149,155,P0403,2,1288.96,25.61
1150,461,P0290,2,4401.25,2.68
1151,344,P0004,4,2367.76,38.15
1152,28,P0044,5,367.99,41.49
1153,50,P0421,1,1523.83,24.07
1154,63,P0380,3,2964.63,25.54
1155,265,P0074,1,2854.04,48.36
1156,346,P0328,2,4276.05,15.04
1157,480,P0004,3,4047.52,31.18
1158,1,P0079,2,3058.57,6.05
1159,54,P0243,1,220.82,25.29
1160,63,P0154,4,2082.33,49.13
1161,280,P0134,2,4126.26,34.07
1162,75,P0326,5,206.12,7.08
1163,380,P0359,2,2778.74,23.81
1164,52,P0492,3,2984.94,18.37
1165,358,P0410,3,625.95,20.84
1166,146,P0235,4,688.62,19.47
1167,331,P0334,5,4476.78,30.99
1168,182,P0493,1,782.59,44.12
1169,82,P0184,4,2553.13,43.05
1170,362,P0269,2,2014.06,3.14
1171,369,P0289,2,1762.53,35.76
1172,391,P0338,2,1584.36,19.7
1173,242,P0311,4,3328.96,28.8
1174,270,P0133,5,734.17,16.2
1175,317,P0425,5,2078.49,2.25
1176,341,P0055,2,2547.23,33.97
1177,396,P0414,3,4594.61,39.78
1178,90,P0373,1,4473.12,37.79
1179,32,P0314,4,1327.37,1.87
1180,192,P0311,1,3193.34,1.47
1181,358,P0231,2,1950.38,49.44
1182,101,P0130,5,2506.4,33.94
1183,83,P0223,2,4087.8,40.43
1184,13,P0323,2,4803.18,4.81
1185,458,P0003,1,1861.85,20.4
1186,175,P0095,5,3443.57,47.89
1187,427,P0107,5,2894.81,23.69
1188,461,P0287,3,4281.77,40.08
1189,193,P0448,4,447.25,3.91
1190,61,P0256,5,1229.81,30.07
1191,421,P0482,-3,1520.49,41.41
1192,35,P0447,4,4370.22,48.41
1193,124,P0437,1,2637.02,30.56
1194,30,P0280,3,3517.84,5.54
1195,135,P0335,4,246.89,16.9
1196,455,P0392,3,391.02,10.21
1197,340,P0468,3,4403.52,11.78
1198,289,P0464,1,3089.01,41.75
1199,37,P0487,1,2139.58,36.96
1200,246,P0485,1,734.38,36.17
1201,260,P0116,1,3286.65,21.58
1202,449,P0498,3,1216.0,46.56
1203,416,P0101,1,2717.51,43.01
1204,27,P0199,1,3851.84,34.77
1205,282,P0071,4,666.36,5.9
1206,189,P0181,5,1048.86,21.83
1207,48,P0302,1,149.24,20.65
1208,411,P0008,5,4378.95,12.5
1209,65,P0225,1,984.91,2.19
1210,456,P0126,3,4990.64,6.49
1211,63,P0337,4,476.34,12.51
1212,362,P0377,5,4085.78,44.88
1213,155,P0483,2,1897.97,27.57
1214,137,P0164,2,3519.08,25.17
1215,211,P0362,1,4757.76,24.31
1216,71,P0431,1,4882.1,11.53
1217,191,P0372,5,4100.26,7.1
1218,333,P0392,2,2323.44,5.71
1219,139,P0143,4,2982.38,15.02
1220,438,P0313,1,1981.29,0.94
1221,23,P0115,4,1108.08,9.22
1222,339,P0157,4,253.4,38.15
1223,387,P0458,1,1747.47,41.41
1224,303,P0111,3,3810.54,17.05
1225,219,P0401,5,3673.21,36.77
1226,284,P0199,1,4767.12,46.62
1227,481,P0274,3,2371.16,28.63
1228,134,P0084,5,4805.49,23.37
1229,8,P0144,2,4017.99,47.55
1230,395,P0278,1,1549.54,28.55
1231,186,P0138,1,3330.23,39.12
1232,158,P0292,-5,3337.8,41.8
1233,9,P0226,2,143.47,1.85
1234,433,P0285,3,1167.43,2.93
1235,313,P0283,1,1638.73,3.2
1236,403,P0142,2,1371.75,24.75
1237,76,P0447,2,3127.95,2.48
1238,95,P0351,1,2582.92,22.02
1239,368,P0117,3,397.98,35.73
1240,9,P0348,3,4240.16,42.47
1241,308,P0121,5,1813.68,3.87
1242,40,P0122,4,1099.81,28.52
1243,219,P0449,4,1487.11,1.23
1244,172,P0500,5,2099.87,32.6
1245,151,P0319,4,252.67,18.42
1246,467,P0303,3,225.12,30.45
1247,400,P0380,3,2590.09,29.07
1248,194,P0426,3,2955.16,32.85
1249,333,P0041,2,4780.38,47.93
1250,295,P0323,2,2786.34,20.9
1251,271,P0409,1,352.01,23.62
1252,163,P0138,5,1055.62,28.76
1253,410,P0394,2,4889.63,11.54
1254,60,P0355,3,1281.13,36.64
1255,181,P0287,4,2577.65,45.73
1256,230,P0403,4,2152.37,28.47
1257,126,P0398,2,4555.4,33.71
1258,408,P0147,2,1773.7,5.9
1259,76,P0295,4,2521.58,44.07
1260,449,P0233,2,176.01,6.04
1261,365,P0477,3,2402.32,5.05
1262,13,P0354,1,917.98,3.65
1263,471,P0199,5,4530.88,17.72
1264,124,P0365,4,1537.62,16.84
1265,316,P0056,3,4971.26,2.26
1266,467,P0210,3,3191.08,37.03
1267,245,P0359,4,759.57,9.17
1268,480,P0261,5,510.57,44.78
1269,346,P0333,5,2322.28,16.02
1270,302,P0144,2,4729.36,4.84
1271,25,P0289,3,2636.62,26.26
1272,219,P0147,5,1681.72,15.93
1273,22,P0417,2,4730.76,44.12
1274,143,P0295,2,4409.96,15.72
1275,61,P0148,3,1441.86,21.95
1276,470,P0133,2,4945.15,37.67
1277,73,P0050,2,1113.53,41.94
1278,463,P0021,-2,4803.3,26.99
1279,427,P0422,-2,226.31,10.16
1280,228,P0267,5,718.28,22.69
1281,471,P0433,1,687.71,44.44
1282,443,P0071,4,4966.08,36.58
1283,412,P0041,1,3746.96,11.12
1284,260,P0172,1,1452.93,31.53
1285,38,P0362,5,3470.89,44.61
1286,478,P0362,1,3991.57,15.88
1287,450,P0321,5,274.62,31.72
1288,301,P0193,1,4373.36,11.01
1289,78,P0249,2,4087.96,36.68
1290,326,P0449,3,534.69,25.82
1291,35,P0252,-2,2832.91,10.43
1292,353,P0135,2,3105.55,31.55
1293,248,P0272,2,3319.01,9.0
1294,449,P0150,3,3373.08,24.51
1295,279,P0247,4,1547.54,10.95
1296,229,P0167,3,1312.24,21.24
1297,164,P0339,2,656.33,34.85
1298,248,P0431,2,4043.13,24.46
1299,15,P0149,4,1412.83,10.76
1300,396,P0166,4,1381.87,15.88
1301,218,P0205,4,1377.43,2.73
1302,174,P0326,4,4110.77,15.43
1303,449,P0086,4,2726.46,38.98
1304,315,P0313,1,1715.45,30.25
1305,11,P0411,1,1958.02,39.02
1306,393,P0393,3,2809.18,32.75
1307,275,P0102,5,4927.56,41.91
1308,118,P0149,4,4026.3,45.53
1309,284,P0376,3,1318.65,0.68
1310,270,P0053,1,2557.35,39.57
1311,155,P0013,1,1227.03,38.62
1312,384,P0064,2,4083.68,18.89
1313,380,P0449,4,1422.99,4.25
1314,361,P0391,1,3689.93,1.01
1315,78,P0049,5,3705.78,39.63
1316,440,P0160,2,3945.38,21.26
1317,235,P0104,1,588.43,48.46
1318,150,P0220,5,556.01,48.34
1319,146,P0465,5,3544.11,25.33
1320,255,P0373,-4,2028.86,18.64
1321,232,P0115,5,2931.61,1.24
1322,245,P0289,2,633.85,15.53
1323,500,P0043,2,567.41,8.46
1324,43,P0073,4,2075.66,41.9
1325,291,P0390,5,1238.91,38.37
1326,380,P0173,3,4188.18,1.83
1327,447,P0003,5,1413.91,10.46
1328,280,P0256,5,1633.78,32.6
1329,248,P0264,3,2818.56,36.98
1330,218,P0359,1,479.77,6.36
1331,384,P0063,1,914.37,21.88
1332,218,P0254,1,936.54,40.16
1333,448,P0281,4,2148.92,0.46
1334,151,P0369,1,4617.65,33.83
1335,456,P0191,5,2862.67,8.3
1336,105,P0412,3,3108.6,35.72
1337,242,P0237,5,1132.02,16.51
1338,367,P0425,2,2421.97,15.88
1339,35,P0003,2,1628.02,9.38
1340,170,P0049,1,399.43,23.43
1341,326,P0287,2,4428.38,17.25
1342,141,P0146,1,4121.7,43.4
1343,189,P0320,5,3858.25,46.72
1344,338,P0104,5,479.63,7.62
1345,135,P0289,2,601.38,39.84
1346,197,P0170,5,2920.71,42.67
1347,414,P0378,5,4369.55,33.42
1348,2,P0402,4,1235.97,10.82
1349,85,P0244,5,4385.61,16.17
1350,414,P0226,1,2184.49,23.58
1351,61,P0124,3,2844.71,18.87
1352,182,P0160,4,4209.38,15.85
1353,432,P0110,1,4781.26,47.27
1354,431,P0224,3,2846.38,24.5
1355,286,P0461,3,2233.53,17.41
1356,438,P0239,1,3876.65,17.3
1357,287,P0449,4,4989.71,46.97
1358,478,P0383,4,4977.65,9.79
1359,3,P0301,3,1620.91,4.71
1360,258,P0472,3,163.67,13.65
1361,204,P0023,3,4979.12,35.21
1362,498,P0293,3,4134.3,43.16
1363,324,P0233,4,2502.47,23.67
1364,20,P0190,5,241.3,44.71
1365,91,P0446,2,4269.62,4.14
1366,327,P0364,1,405.39,4.87
1367,437,P0100,5,3310.02,36.87
1368,435,P0461,3,1650.75,35.47
1369,188,P0265,5,169.44,33.22
1370,343,P0032,4,418.28,41.25
1371,137,P0043,5,945.67,2.23
1372,259,P0210,5,947.54,37.34
1373,288,P0180,1,676.8,23.31
1374,238,P0046,1,669.68,4.53
1375,303,P0321,1,4832.25,38.34
1376,192,P0236,1,498.25,36.21
1377,349,P0329,2,4719.02,43.23
1378,195,P0362,2,1506.68,13.95
1379,116,P0428,5,1022.4,44.18
1380,133,P0358,2,2254.03,4.62
1381,179,P0396,3,3244.95,22.48
1382,428,P0300,2,1989.84,26.9
1383,223,P0178,2,3265.44,34.1
1384,359,P0496,3,2568.45,41.49
1385,396,P0108,3,1365.25,23.38
1386,265,P0338,1,3192.46,23.76
1387,191,P0289,4,1951.76,29.42
1388,54,P0323,1,1858.53,45.05
1389,172,P0173,2,3274.62,5.01
1390,240,P0280,3,1012.19,1.09
1391,295,P0356,5,2231.35,19.97
1392,192,P0308,2,1755.6,33.93
1393,476,P0450,3,1248.08,46.74
1394,219,P0397,5,1419.87,28.87
1395,263,P0086,-5,4619.53,44.33
1396,498,P0291,5,3784.07,6.49
1397,28,P0497,3,542.95,39.64
1398,235,P0203,2,910.18,0.04
1399,89,P0155,2,1606.88,9.23
1400,371,P0126,2,855.28,27.77
1401,82,P0177,-3,589.58,27.49
1402,468,P0242,4,3375.34,41.57
1403,50,P0199,2,729.66,38.15
1404,168,P0460,2,1487.65,33.74
1405,274,P0037,4,1799.65,33.49
1406,454,P0312,-5,972.98,11.76
1407,422,P0001,3,3091.78,37.58
1408,71,P0256,1,1021.06,10.56
1409,197,P0335,4,981.39,7.54
1410,421,P0247,3,270.65,47.93
1411,204,P0350,4,2635.01,5.32
1412,376,P0052,1,3313.76,20.22
1413,66,P0295,1,2584.16,34.31
1414,492,P0344,1,2068.35,38.57
1415,380,P0325,3,668.2,40.36
1416,400,P0243,4,3588.92,42.21
1417,92,P0218,3,2705.39,19.17
1418,173,P0486,1,4677.47,29.51
1419,315,P0373,2,4373.81,21.74
1420,63,P0445,4,2499.14,18.36
1421,130,P0218,5,1753.56,14.81
1422,92,P0151,1,1848.74,0.88
1423,19,P0306,3,647.25,36.6
1424,128,P0090,5,511.83,4.73
1425,221,P0458,2,1446.01,48.59
1426,423,P0463,5,4191.1,36.63
1427,21,P0040,5,1700.28,1.91
1428,327,P0416,5,4421.98,19.1
1429,327,P0384,1,1579.73,20.04
1430,132,P0370,2,3299.19,44.15
1431,407,P0099,4,2897.39,49.75
1432,438,P0407,5,1294.39,39.95
1433,111,P0390,3,4683.84,13.74
1434,344,P0024,2,3062.65,45.49
1435,209,P0107,3,191.72,20.72
1436,237,P0307,2,3972.27,31.74
1437,10,P0364,1,1690.58,3.19
1438,312,P0424,3,2357.16,21.04
1439,200,P0244,5,4656.38,0.63
1440,422,P0228,3,843.72,42.72
1441,358,P0088,4,3397.63,12.78
1442,293,P0496,1,485.18,24.33
1443,383,P0272,3,1909.04,14.59
1444,240,P0016,3,863.91,29.25
1445,221,P0213,5,4979.55,1.17
1446,252,P0121,3,1938.89,26.88
1447,436,P0064,4,575.2,10.92
1448,92,P0443,1,879.68,38.88
1449,181,P0385,4,1166.99,45.02
1450,186,P0323,3,617.63,44.24
1451,273,P0201,3,1202.99,20.2
1452,474,P0231,4,869.14,43.67
1453,273,P0425,4,1736.87,23.2
1454,51,P0197,2,2942.77,20.9
1455,326,P0015,4,3132.49,6.93
1456,42,P0307,5,2895.87,20.44
1457,128,P0086,1,2889.6,23.6
1458,12,P0381,1,3046.58,39.49
1459,443,P0099,4,4266.51,8.07
1460,123,P0090,3,2413.63,35.64
1461,151,P0034,2,4482.78,10.35
1462,351,P0309,4,2273.9,12.09
1463,257,P0329,2,644.67,30.2
1464,466,P0082,3,1299.83,36.1
1465,17,P0350,-1,3416.67,43.35
1466,37,P0401,4,2143.74,13.0
1467,398,P0311,5,3270.74,26.71
1468,424,P0372,1,392.95,40.58
1469,367,P0475,1,2606.64,32.48
1470,54,P0075,4,4250.64,37.9
1471,58,P0370,5,927.87,20.64
1472,125,P0408,3,2464.7,13.23
1473,38,P0235,3,4506.06,24.58
1474,176,P0152,2,3477.05,16.53
1475,291,P0141,4,3012.7,38.07
1476,14,P0114,2,4412.84,28.18
1477,367,P0082,3,2881.44,15.24
1478,80,P0381,4,4045.47,6.43
1479,197,P0132,5,3220.14,1.4
1480,76,P0300,2,159.13,18.21
1481,265,P0208,5,2437.17,45.0
1482,301,P0437,3,2555.37,26.17
1483,249,P0332,4,928.69,26.26
1484,195,P0008,2,3376.85,3.24
1485,115,P0077,2,1463.75,38.9
1486,183,P0256,1,2350.68,45.64
1487,434,P0420,1,3937.13,26.21
1488,187,P0341,2,260.92,31.32
1489,139,P0284,3,4812.12,42.33
1490,497,P0409,5,374.28,28.34
1491,409,P0379,2,995.15,46.82
1492,368,P0234,2,969.41,48.97
1493,47,P0381,3,1031.07,41.53
1494,68,P0268,1,1583.53,10.39
1495,298,P0245,2,2374.93,26.85
1496,325,P0038,1,1062.49,5.82
1497,52,P0278,1,2987.94,29.91
1498,298,P0221,3,4319.58,5.58
1499,100,P0302,4,4048.25,30.72
1500,129,P0387,4,2095.13,13.54
