product_id,product_name,category,subcategory,cost_price
P0001,Forward Phone,Electronics,Phone,1262.21
P0002,Sort Shirt,Clothing,Shirt,4466.29
P0003,Probably Headphones,Electronics,Headphones,513.79
P0004,Some Shirt,Clothing,Shirt,3594.3
P0005,College Biography,Books,Biography,1427.04
P0006,Professional Laptop,Electronics,Laptop,1734.24
P0007,Least Jeans,Clothing,Jeans,1716.14
P0008,Effort Headphones,Electronics,Headphones,4245.1
P0009,Camera Table,Home,Table,2704.33
P0010,Cover Novel,Books,Novel,4155.55
P0011,Full Chair,Home,Chair,276.83
P0012,Perform Jacket,Clothing,Jacket,4283.82
P0013,My Headphones,Electronics,Headphones,3196.64
P0014,She Chair,Home,Chair,1087.06
P0015,Class Table,Home,Table,897.14
P0016,Health Jeans,Clothing,Jeans,1386.24
P0017,Central Jacket,Clothing,Jacket,3891.2
P0018,So Shirt,Clothing,Shirt,2035.77
P0019,Smile Laptop,Electronics,Laptop,2857.54
P0020,Water Chair,Home,Chair,2008.38
P0021,To Biography,Books,Biography,1270.81
P0022,Federal Lamp,Home,Lamp,2027.03
P0023,Rule Jeans,Clothing,Jeans,500.0
P0024,Same Phone,Electronics,Phone,841.91
P0025,Song Novel,Books,Novel,2999.65
P0026,Stock Comics,Books,Comics,4310.86
P0027,Leave Phone,Electronics,Phone,2708.0
P0028,Evening Sofa,Home,Sofa,2202.09
P0029,Political Novel,Books,Novel,4385.47
P0030,Could Chair,Home,Chair,576.73
P0031,Score Chair,Home,Chair,3824.43
P0032,Along Tv,Electronics,TV,603.75
P0033,Everything Sofa,Home,Sofa,1242.31
P0034,Design Phone,Electronics,Phone,4089.32
P0035,Others Jeans,Clothing,Jeans,4736.9
P0036,Establish Jacket,Clothing,Jacket,3052.64
P0037,Politics Jeans,Clothing,Jeans,2025.01
P0038,Despite Lamp,Home,Lamp,2284.86
P0039,Art Jeans,Clothing,Jeans,154.12
P0040,Under Jeans,Clothing,Jeans,3553.81
P0041,Training Laptop,Electronics,Laptop,205.49
P0042,Run Table,Home,Table,1428.46
P0043,Themselves Biography,Books,Biography,3630.6
P0044,Better Biography,Books,Biography,4047.11
P0045,World Shirt,Clothing,Shirt,2183.7
P0046,As Dictionary,Books,Dictionary,3658.93
P0047,Trade Phone,Electronics,Phone,1729.55
P0048,If Laptop,Electronics,Laptop,2704.61
P0049,Available T-Shirt,Clothing,T-Shirt,2340.01
P0050,Make Headphones,Electronics,Headphones,4287.04
P0051,Level Phone,Electronics,Phone,2725.91
P0052,Value Phone,Electronics,Phone,4251.04
P0053,Car T-Shirt,Clothing,T-Shirt,1108.05
P0054,Various Novel,Books,Novel,60.67
P0055,Fund Comics,Books,Comics,3936.39
P0056,Develop Lamp,Home,Lamp,3666.0
P0057,Enjoy Biography,Books,Biography,1127.62
P0058,Economy Phone,Electronics,Phone,332.97
P0059,Keep Biography,Books,Biography,2563.75
P0060,Half Shirt,Clothing,Shirt,3392.3
P0061,Recognize T-Shirt,Clothing,T-Shirt,4456.92
P0062,Trial Shirt,Clothing,Shirt,2125.16
P0063,Poor Sofa,Home,Sofa,3595.15
P0064,Itself Jacket,Clothing,Jacket,3374.87
P0065,Particular Lamp,Home,Lamp,3771.73
P0066,Sense Phone,Electronics,Phone,4992.35
P0067,Say Phone,Electronics,Phone,2554.13
P0068,Poor Jacket,Clothing,Jacket,4402.39
P0069,Conference Sofa,Home,Sofa,4177.04
P0070,House Table,Home,Table,2795.28
P0071,Pressure Laptop,Electronics,Laptop,4454.08
P0072,Writer Jacket,Clothing,Jacket,1092.62
P0073,City Chair,Home,Chair,4271.92
P0074,Same Comics,Books,Comics,4238.21
P0075,Study Headphones,Electronics,Headphones,268.23
P0076,Include Chair,Home,Chair,1346.68
P0077,Gas Dictionary,Books,Dictionary,603.78
P0078,Dream Shirt,Clothing,Shirt,2933.42
P0079,Light T-Shirt,Clothing,T-Shirt,1575.88
P0080,Raise Tv,Electronics,TV,1285.17
P0081,Teach Tv,Electronics,TV,4426.47
P0082,Return Biography,Books,Biography,1221.85
P0083,Them Jeans,Clothing,Jeans,172.69
P0084,Call Lamp,Home,Lamp,4327.12
P0085,Record Jacket,Clothing,Jacket,3521.33
P0086,Into Novel,Books,Novel,1151.05
P0087,Else Comics,Books,Comics,3986.96
P0088,Art Jeans,Clothing,Jeans,1005.99
P0089,Western Sofa,Home,Sofa,4836.1
P0090,Social Sofa,Home,Sofa,2028.41
P0091,Box Table,Home,Table,4853.48
P0092,You Jacket,Clothing,Jacket,3003.03
P0093,Suffer Sofa,Home,Sofa,4921.97
P0094,Might Headphones,Electronics,Headphones,990.89
P0095,Building Headphones,Electronics,Headphones,4631.6
P0096,Expert Jacket,Clothing,Jacket,4746.93
P0097,Skin Sofa,Home,Sofa,666.9
P0098,Tell Sofa,Home,Sofa,1664.61
P0099,Face Chair,Home,Chair,3341.4
P0100,Matter Biography,Books,Biography,1539.7
P0101,Experience Tv,Electronics,TV,2177.95
P0102,Call Lamp,Home,Lamp,3394.35
P0103,Message Biography,Books,Biography,1454.74
P0104,Individual Table,Home,Table,3768.13
P0105,Glass Chair,Home,Chair,779.4
P0106,Treatment Laptop,Electronics,Laptop,3075.81
P0107,Attack Headphones,Electronics,Headphones,3167.34
P0108,Improve T-Shirt,Clothing,T-Shirt,1257.72
P0109,Baby Phone,Electronics,Phone,1133.26
P0110,Cultural Novel,Books,Novel,4591.48
P0111,Teacher Headphones,Electronics,Headphones,2349.98
P0112,Foot Lamp,Home,Lamp,3610.41
P0113,Chance Dictionary,Books,Dictionary,3731.09
P0114,Three Dictionary,Books,Dictionary,1273.84
P0115,Front Lamp,Home,Lamp,1409.26
P0116,Fine Tv,Electronics,TV,1712.45
P0117,Reality Laptop,Electronics,Laptop,1946.02
P0118,Area Jeans,Clothing,Jeans,2067.62
P0119,Final Dictionary,Books,Dictionary,4172.81
P0120,He Novel,Books,Novel,3839.69
P0121,Man Dictionary,Books,Dictionary,1791.21
P0122,Early Dictionary,Books,Dictionary,3686.44
P0123,Night T-Shirt,Clothing,T-Shirt,2207.39
P0124,Say Headphones,Electronics,Headphones,3411.75
P0125,Officer Biography,Books,Biography,4601.73
P0126,Respond Headphones,Electronics,Headphones,3331.85
P0127,Better Headphones,Electronics,Headphones,2335.41
P0128,Phone Tv,Electronics,TV,1097.72
P0129,Necessary Sofa,Home,Sofa,1926.67
P0130,Office Comics,Books,Comics,2378.02
P0131,Management Tv,Electronics,TV,389.66
P0132,Study Phone,Electronics,Phone,1036.84
P0133,Sense Laptop,Electronics,Laptop,2394.13
P0134,They Laptop,Electronics,Laptop,1318.41
P0135,Recognize Chair,Home,Chair,4820.49
P0136,Political Laptop,Electronics,Laptop,585.09
P0137,Out Tv,Electronics,TV,4544.73
P0138,Form Dictionary,Books,Dictionary,1031.73
P0139,Money Shirt,Clothing,Shirt,1542.83
P0140,Environment Phone,Electronics,Phone,2170.47
P0141,Majority Table,Home,Table,1739.09
P0142,Those Dictionary,Books,Dictionary,4805.9
P0143,Yes Biography,Books,Biography,3682.29
P0144,Continue Lamp,Home,Lamp,4137.39
P0145,New Sofa,Home,Sofa,4162.12
P0146,Thought Tv,Electronics,TV,1257.12
P0147,Manager Dictionary,Books,Dictionary,2496.82
P0148,Five Chair,Home,Chair,1806.38
P0149,Ever Sofa,Home,Sofa,3000.97
P0150,Nor Table,Home,Table,995.73
P0151,Try T-Shirt,Clothing,T-Shirt,3802.92
P0152,My Dictionary,Books,Dictionary,135.35
P0153,Staff Chair,Home,Chair,1254.36
P0154,Risk Lamp,Home,Lamp,1751.6
P0155,Future Sofa,Home,Sofa,1391.04
P0156,Onto Chair,Home,Chair,1003.29
P0157,Meet Laptop,Electronics,Laptop,3706.09
P0158,Where Sofa,Home,Sofa,4171.51
P0159,Tend Chair,Home,Chair,1546.22
P0160,This Jacket,Clothing,Jacket,319.9
P0161,Responsibility Chair,Home,Chair,3776.32
P0162,Population Phone,Electronics,Phone,2373.51
P0163,Grow Comics,Books,Comics,304.31
P0164,Language Novel,Books,Novel,2033.5
P0165,Toward Phone,Electronics,Phone,4065.15
P0166,Behind Table,Home,Table,636.34
P0167,Page Biography,Books,Biography,1932.87
P0168,Understand Comics,Books,Comics,4950.65
P0169,Travel Table,Home,Table,3713.44
P0170,Whom Jeans,Clothing,Jeans,451.88
P0171,Goal Jeans,Clothing,Jeans,824.84
P0172,Congress Dictionary,Books,Dictionary,2376.07
P0173,Couple Laptop,Electronics,Laptop,1449.46
P0174,Avoid Novel,Books,Novel,4623.36
P0175,Cost T-Shirt,Clothing,T-Shirt,1162.81
P0176,Part Jacket,Clothing,Jacket,403.48
P0177,Until Jacket,Clothing,Jacket,4129.99
P0178,The Lamp,Home,Lamp,3458.96
P0179,Area Comics,Books,Comics,2494.29
P0180,Born Phone,Electronics,Phone,3685.94
P0181,Which Table,Home,Table,4811.46
P0182,Officer Tv,Electronics,TV,3827.39
P0183,Window T-Shirt,Clothing,T-Shirt,2239.04
P0184,Child Chair,Home,Chair,2207.63
P0185,Cell Novel,Books,Novel,2071.32
P0186,Above Table,Home,Table,1682.53
P0187,Paper Comics,Books,Comics,2032.24
P0188,Performance Headphones,Electronics,Headphones,1299.37
P0189,Anything Headphones,Electronics,Headphones,4133.39
P0190,However Headphones,Electronics,Headphones,978.53
P0191,Night Lamp,Home,Lamp,3811.95
P0192,Threat Jacket,Clothing,Jacket,4641.98
P0193,Suggest Dictionary,Books,Dictionary,4867.08
P0194,Against Jeans,Clothing,Jeans,117.69
P0195,Happy Novel,Books,Novel,4214.96
P0196,Theory Headphones,Electronics,Headphones,3256.16
P0197,Crime T-Shirt,Clothing,T-Shirt,1494.71
P0198,Energy Lamp,Home,Lamp,4902.21
P0199,Where T-Shirt,Clothing,T-Shirt,1948.75
P0200,Scene Shirt,Clothing,Shirt,3960.53
P0201,Matter Comics,Books,Comics,2563.3
P0202,Audience Tv,Electronics,TV,4195.51
P0203,Mean Biography,Books,Biography,2447.49
P0204,Affect Lamp,Home,Lamp,1642.8
P0205,Now Jeans,Clothing,Jeans,1206.13
P0206,Without Novel,Books,Novel,2391.23
P0207,Business Dictionary,Books,Dictionary,3972.35
P0208,Newspaper T-Shirt,Clothing,T-Shirt,674.92
P0209,Line Table,Home,Table,2229.52
P0210,Just Novel,Books,Novel,2079.39
P0211,Bank Shirt,Clothing,Shirt,4847.56
P0212,Language Lamp,Home,Lamp,4266.24
P0213,Any Comics,Books,Comics,4442.82
P0214,New Novel,Books,Novel,1212.11
P0215,Beat Chair,Home,Chair,2198.16
P0216,General Phone,Electronics,Phone,3485.31
P0217,Worker Phone,Electronics,Phone,327.79
P0218,Last Sofa,Home,Sofa,1258.78
P0219,Theory Biography,Books,Biography,440.89
P0220,Commercial Biography,Books,Biography,2936.63
P0221,General T-Shirt,Clothing,T-Shirt,2324.87
P0222,Certain Headphones,Electronics,Headphones,3404.17
P0223,Care Shirt,Clothing,Shirt,1760.55
P0224,Real Lamp,Home,Lamp,2311.34
P0225,These Chair,Home,Chair,4274.01
P0226,Blood Laptop,Electronics,Laptop,1826.85
P0227,Light Sofa,Home,Sofa,4158.69
P0228,Person Comics,Books,Comics,4332.08
P0229,Information Headphones,Electronics,Headphones,4519.53
P0230,Particular Jacket,Clothing,Jacket,991.15
P0231,Feel Chair,Home,Chair,4521.85
P0232,Better Tv,Electronics,TV,215.15
P0233,Budget Chair,Home,Chair,1510.8
P0234,Place Biography,Books,Biography,3943.24
P0235,Community Sofa,Home,Sofa,1322.0
P0236,In Comics,Books,Comics,1726.64
P0237,May Headphones,Electronics,Headphones,746.75
P0238,Wind T-Shirt,Clothing,T-Shirt,4032.71
P0239,Election Table,Home,Table,118.9
P0240,Election Headphones,Electronics,Headphones,3757.61
P0241,Either Lamp,Home,Lamp,4704.44
P0242,Best Laptop,Electronics,Laptop,3116.76
P0243,Recently Chair,Home,Chair,3195.25
P0244,Stock Comics,Books,Comics,627.55
P0245,Least Phone,Electronics,Phone,2488.49
P0246,Open Laptop,Electronics,Laptop,721.54
P0247,Defense Comics,Books,Comics,3728.54
P0248,Mind Biography,Books,Biography,3291.86
P0249,Low Dictionary,Books,Dictionary,1434.71
P0250,Side Chair,Home,Chair,4755.25
P0251,Include Table,Home,Table,1868.31
P0252,Throw Table,Home,Table,989.55
P0253,Usually Headphones,Electronics,Headphones,1099.92
P0254,Visit Phone,Electronics,Phone,1255.67
P0255,Language Jeans,Clothing,Jeans,3837.53
P0256,Draw Jeans,Clothing,Jeans,1203.34
P0257,Help Shirt,Clothing,Shirt,4920.94
P0258,Or Jacket,Clothing,Jacket,594.14
P0259,Arm Laptop,Electronics,Laptop,3960.42
P0260,Like Jacket,Clothing,Jacket,1363.57
P0261,Different T-Shirt,Clothing,T-Shirt,3741.04
P0262,House Dictionary,Books,Dictionary,2590.53
P0263,Kid Headphones,Electronics,Headphones,4729.81
P0264,Together Tv,Electronics,TV,4821.93
P0265,Threat Headphones,Electronics,Headphones,2160.05
P0266,Lose Headphones,Electronics,Headphones,2245.63
P0267,Born Tv,Electronics,TV,375.13
P0268,Say Sofa,Home,Sofa,3007.09
P0269,Movie Lamp,Home,Lamp,2179.49
P0270,Send Laptop,Electronics,Laptop,4446.05
P0271,Performance Comics,Books,Comics,2023.71
P0272,Leg Tv,Electronics,TV,3342.28
P0273,Hold Chair,Home,Chair,2397.63
P0274,Onto Phone,Electronics,Phone,527.99
P0275,Ever Chair,Home,Chair,2953.0
P0276,Quickly Table,Home,Table,4374.36
P0277,Ground Novel,Books,Novel,3022.03
P0278,Light Table,Home,Table,1103.06
P0279,Help Biography,Books,Biography,1783.06
P0280,Seven Table,Home,Table,2891.8
P0281,Discussion Novel,Books,Novel,3306.26
P0282,Service Table,Home,Table,3528.36
P0283,Into Sofa,Home,Sofa,947.96
P0284,Your T-Shirt,Clothing,T-Shirt,3717.8
P0285,Remain Phone,Electronics,Phone,1114.91
P0286,Structure Dictionary,Books,Dictionary,1881.76
P0287,Machine Table,Home,Table,820.12
P0288,Word Phone,Electronics,Phone,3326.6
P0289,Local Dictionary,Books,Dictionary,1117.07
P0290,Sound Tv,Electronics,TV,1452.07
P0291,Goal Comics,Books,Comics,2006.55
P0292,Month Phone,Electronics,Phone,4729.35
P0293,Speech Jacket,Clothing,Jacket,643.92
P0294,Again Dictionary,Books,Dictionary,1932.03
P0295,Thus Jacket,Clothing,Jacket,4315.73
P0296,Team Headphones,Electronics,Headphones,4609.75
P0297,View Lamp,Home,Lamp,3562.02
P0298,Citizen Comics,Books,Comics,153.24
P0299,Piece Chair,Home,Chair,3109.72
P0300,Before Table,Home,Table,574.02
P0301,Open Dictionary,Books,Dictionary,2009.05
P0302,Right Sofa,Home,Sofa,3906.63
P0303,Economy Phone,Electronics,Phone,1009.82
P0304,Decade Sofa,Home,Sofa,4103.8
P0305,Father Jeans,Clothing,Jeans,1317.04
P0306,Yard Jeans,Clothing,Jeans,3294.77
P0307,Treat T-Shirt,Clothing,T-Shirt,2840.49
P0308,Its Comics,Books,Comics,3154.73
P0309,Future T-Shirt,Clothing,T-Shirt,2238.93
P0310,Among Sofa,Home,Sofa,1792.11
P0311,According Tv,Electronics,TV,236.16
P0312,Star Sofa,Home,Sofa,4328.04
P0313,Measure Headphones,Electronics,Headphones,2793.87
P0314,Never Headphones,Electronics,Headphones,2879.7
P0315,Sell Jacket,Clothing,Jacket,2531.77
P0316,Table Headphones,Electronics,Headphones,4500.68
P0317,Word Table,Home,Table,904.17
P0318,East T-Shirt,Clothing,T-Shirt,2644.14
P0319,Perhaps Jacket,Clothing,Jacket,1450.32
P0320,Leg Comics,Books,Comics,309.21
P0321,Section Table,Home,Table,2811.92
P0322,Decade Comics,Books,Comics,4265.25
P0323,Foreign Jacket,Clothing,Jacket,3334.88
P0324,None Sofa,Home,Sofa,3507.48
P0325,Once Biography,Books,Biography,4693.11
P0326,Show Lamp,Home,Lamp,1675.96
P0327,Thought Shirt,Clothing,Shirt,2145.86
P0328,Authority Table,Home,Table,942.3
P0329,Guy Jacket,Clothing,Jacket,2457.04
P0330,Plant Jeans,Clothing,Jeans,1514.17
P0331,Fight Phone,Electronics,Phone,4388.14
P0332,Environment T-Shirt,Clothing,T-Shirt,945.19
P0333,According T-Shirt,Clothing,T-Shirt,1853.28
P0334,Themselves T-Shirt,Clothing,T-Shirt,3774.34
P0335,Fish Biography,Books,Biography,1581.87
P0336,Approach Biography,Books,Biography,4738.29
P0337,Hot Dictionary,Books,Dictionary,3901.71
P0338,Yourself Biography,Books,Biography,4016.23
P0339,Decide Jacket,Clothing,Jacket,2428.92
P0340,Manage Table,Home,Table,2603.75
P0341,Next Tv,Electronics,TV,843.55
P0342,Action Biography,Books,Biography,503.98
P0343,Red T-Shirt,Clothing,T-Shirt,4655.84
P0344,Blood Novel,Books,Novel,1901.11
P0345,Determine Novel,Books,Novel,189.53
P0346,Ability Tv,Electronics,TV,731.12
P0347,Choice Lamp,Home,Lamp,737.02
P0348,Remember Dictionary,Books,Dictionary,4533.99
P0349,Lose Tv,Electronics,TV,790.12
P0350,Consumer Novel,Books,Novel,1226.32
P0351,Network Phone,Electronics,Phone,3212.81
P0352,Must Novel,Books,Novel,4530.48
P0353,Work Laptop,Electronics,Laptop,1491.8
P0354,Heavy Tv,Electronics,TV,2112.01
P0355,Who Tv,Electronics,TV,2653.99
P0356,Provide Headphones,Electronics,Headphones,265.5
P0357,Message Comics,Books,Comics,130.4
P0358,Cup Tv,Electronics,TV,3302.67
P0359,Add Tv,Electronics,TV,1793.88
P0360,Whole Chair,Home,Chair,3439.18
P0361,Themselves Biography,Books,Biography,362.35
P0362,Bar Novel,Books,Novel,266.84
P0363,Same Shirt,Clothing,Shirt,1584.88
P0364,Wind Dictionary,Books,Dictionary,3778.79
P0365,Old Jacket,Clothing,Jacket,3915.17
P0366,Maybe Sofa,Home,Sofa,1871.69
P0367,Security Dictionary,Books,Dictionary,1963.89
P0368,Travel T-Shirt,Clothing,T-Shirt,1868.37
P0369,Hit Table,Home,Table,440.69
P0370,Identify Jacket,Clothing,Jacket,446.34
P0371,Wish Sofa,Home,Sofa,3602.43
P0372,Modern T-Shirt,Clothing,T-Shirt,259.66
P0373,Dark Lamp,Home,Lamp,4901.14
P0374,People Phone,Electronics,Phone,2060.74
P0375,Trip Shirt,Clothing,Shirt,3057.49
P0376,Class Novel,Books,Novel,1218.18
P0377,Campaign Sofa,Home,Sofa,2857.86
P0378,Worker T-Shirt,Clothing,T-Shirt,1891.47
P0379,Than Laptop,Electronics,Laptop,2020.27
P0380,Democratic Chair,Home,Chair,178.27
P0381,In T-Shirt,Clothing,T-Shirt,4572.04
P0382,Central Tv,Electronics,TV,3534.99
P0383,Since Jacket,Clothing,Jacket,4993.21
P0384,Modern Shirt,Clothing,Shirt,416.56
P0385,Eat T-Shirt,Clothing,T-Shirt,4062.04
P0386,Each Sofa,Home,Sofa,2772.49
P0387,Last Sofa,Home,Sofa,3573.46
P0388,Story Jacket,Clothing,Jacket,650.74
P0389,Unit Jeans,Clothing,Jeans,2495.41
P0390,Positive Sofa,Home,Sofa,4915.91
P0391,Necessary Shirt,Clothing,Shirt,2020.89
P0392,Better Dictionary,Books,Dictionary,4125.53
P0393,Just Laptop,Electronics,Laptop,3229.58
P0394,Professional Dictionary,Books,Dictionary,1755.35
P0395,Able Jeans,Clothing,Jeans,4558.03
P0396,Financial Phone,Electronics,Phone,1555.42
P0397,Buy Jacket,Clothing,Jacket,1166.08
P0398,Education Table,Home,Table,3193.53
P0399,Instead Chair,Home,Chair,3091.42
P0400,Far Laptop,Electronics,Laptop,2924.2
P0401,Official Jacket,Clothing,Jacket,2839.91
P0402,Treat Phone,Electronics,Phone,3225.2
P0403,Power Chair,Home,Chair,2112.1
P0404,Forget Headphones,Electronics,Headphones,2750.61
P0405,Catch Lamp,Home,Lamp,4046.38
P0406,Yeah Comics,Books,Comics,3458.64
P0407,Director T-Shirt,Clothing,T-Shirt,2348.99
P0408,Happen Chair,Home,Chair,3605.9
P0409,Relationship Lamp,Home,Lamp,1884.17
P0410,Down Tv,Electronics,TV,656.48
P0411,Speech Biography,Books,Biography,300.5
P0412,Either Dictionary,Books,Dictionary,4333.27
P0413,Kitchen Jacket,Clothing,Jacket,3619.59
P0414,Space Jeans,Clothing,Jeans,2597.89
P0415,Reflect Comics,Books,Comics,495.74
P0416,Assume Dictionary,Books,Dictionary,1114.96
P0417,Support Table,Home,Table,2499.73
P0418,Give Comics,Books,Comics,4243.5
P0419,Scientist Biography,Books,Biography,3651.16
P0420,American Comics,Books,Comics,303.23
P0421,Garden Jacket,Clothing,Jacket,413.98
P0422,Point Comics,Books,Comics,3135.05
P0423,Listen Laptop,Electronics,Laptop,1999.82
P0424,Behavior Sofa,Home,Sofa,1035.34
P0425,Consumer Novel,Books,Novel,728.33
P0426,Finally Lamp,Home,Lamp,787.26
P0427,Leader Jacket,Clothing,Jacket,1626.72
P0428,Thought Comics,Books,Comics,2561.21
P0429,Agent Comics,Books,Comics,132.35
P0430,Despite Table,Home,Table,2939.33
P0431,Goal Headphones,Electronics,Headphones,3295.18
P0432,Meeting Shirt,Clothing,Shirt,894.03
P0433,Where Biography,Books,Biography,1248.87
P0434,Trial Laptop,Electronics,Laptop,1602.78
P0435,Citizen T-Shirt,Clothing,T-Shirt,2081.37
P0436,My Novel,Books,Novel,2617.48
P0437,Book Lamp,Home,Lamp,1603.08
P0438,Performance T-Shirt,Clothing,T-Shirt,1744.52
P0439,Return Sofa,Home,Sofa,1001.71
P0440,Start Jacket,Clothing,Jacket,1163.09
P0441,Serious Sofa,Home,Sofa,3466.69
P0442,Many Comics,Books,Comics,2824.41
P0443,This Sofa,Home,Sofa,3399.28
P0444,Interest Dictionary,Books,Dictionary,4775.31
P0445,Organization Jacket,Clothing,Jacket,4778.8
P0446,Actually Tv,Electronics,TV,3297.06
P0447,Social Biography,Books,Biography,2715.96
P0448,Important Chair,Home,Chair,3717.41
P0449,Court Jeans,Clothing,Jeans,4530.66
P0450,Standard Jeans,Clothing,Jeans,2095.84
P0451,Talk Novel,Books,Novel,730.46
P0452,Lay T-Shirt,Clothing,T-Shirt,4409.2
P0453,Down Dictionary,Books,Dictionary,3791.76
P0454,Theory Sofa,Home,Sofa,342.85
P0455,Technology Laptop,Electronics,Laptop,3629.43
P0456,Raise Laptop,Electronics,Laptop,4196.14
P0457,Writer Headphones,Electronics,Headphones,972.24
P0458,Support Table,Home,Table,2861.41
P0459,Level Tv,Electronics,TV,4946.04
P0460,Heart Biography,Books,Biography,2366.7
P0461,Knowledge Shirt,Clothing,Shirt,3669.04
P0462,Race Chair,Home,Chair,1718.71
P0463,Sit Chair,Home,Chair,4287.93
P0464,Nearly Dictionary,Books,Dictionary,479.35
P0465,Stock Laptop,Electronics,Laptop,2413.4
P0466,At Shirt,Clothing,Shirt,1215.83
P0467,Respond Sofa,Home,Sofa,3628.27
P0468,Accept Tv,Electronics,TV,3479.2
P0469,Either Phone,Electronics,Phone,840.6
P0470,Assume Table,Home,Table,4706.15
P0471,Low Chair,Home,Chair,711.17
P0472,Even T-Shirt,Clothing,T-Shirt,3048.41
P0473,Whole Dictionary,Books,Dictionary,4019.88
P0474,Conference Jeans,Clothing,Jeans,2999.28
P0475,Set Headphones,Electronics,Headphones,1840.84
P0476,See Phone,Electronics,Phone,4519.3
P0477,Specific Jeans,Clothing,Jeans,4279.71
P0478,Plan Novel,Books,Novel,3598.74
P0479,Evidence Novel,Books,Novel,2255.14
P0480,Property Headphones,Electronics,Headphones,2106.35
P0481,Word Headphones,Electronics,Headphones,1575.44
P0482,Dog Headphones,Electronics,Headphones,64.93
P0483,Remember Shirt,Clothing,Shirt,1755.42
P0484,Modern Phone,Electronics,Phone,391.64
P0485,Past Novel,Books,Novel,940.91
P0486,They T-Shirt,Clothing,T-Shirt,4462.1
P0487,However Dictionary,Books,Dictionary,3429.52
P0488,Entire Jacket,Clothing,Jacket,4964.59
P0489,Mind Biography,Books,Biography,1152.32
P0490,Note Phone,Electronics,Phone,2341.87
P0491,Claim Dictionary,Books,Dictionary,1275.18
P0492,Important Chair,Home,Chair,4690.18
P0493,Resource Phone,Electronics,Phone,2125.24
P0494,Artist Laptop,Electronics,Laptop,549.44
P0495,On Headphones,Electronics,Headphones,3531.27
P0496,Career Laptop,Electronics,Laptop,2041.21
P0497,Tough Jeans,Clothing,Jeans,3891.51
P0498,Statement Jacket,Clothing,Jacket,4586.17
P0499,Production Sofa,Home,Sofa,4387.48
P0500,Happy T-Shirt,Clothing,T-Shirt,351.74
