vendor_id,vendor_name,total_price_variance
V01475,Edwards Ltd,22955329.75
V02338,"Leonard, Ballard and Miller",18354878.760000005
V02183,"Hayden, Harmon and Mcdonald",17707514.88
V01123,Guerrero-Becker,16067003.89
V04008,Mcdonald-Murray,15039330.880000003
V04274,Moore PLC,14547691.989999998
V01774,Callahan PLC,14459809.549999999
V00066,Morton-Chase,14265902.17
V00748,Goodwin Ltd,13010015.870000001
V04995,"Huang, Hall and Delacruz",12175775.13
V04870,Benjamin LLC,12151747.24
V00162,Stein-Silva,11841261.3
V02695,Rodriguez LLC,11285187.379999999
V02593,Romero Ltd,10518763.84
V03294,Murphy-Salazar,10438871.45
V02184,"Patel, Mendez and Hammond",10418345.0
V02471,Williams and Sons,9841183.06
V01855,Turner-Reese,9357123.11
V04175,"Phillips, Castro and Thompson",9299622.060000002
V00400,Duran LLC,9242478.499999998
V01275,"Robinson, White and Jones",8736678.39
V02557,"Sandoval, Thomas and Young",8730162.340000002
V00383,"Austin, Day and Johnson",8625394.3
V02986,Williams Inc,8515945.24
V02497,Chambers Group,8446715.399999999
V04508,Long-Santos,8297829.34
V01882,Ramirez Inc,8009336.960000001
V03187,"Gray, Bailey and Farley",7918593.64
V01733,"Huang, Ford and Olsen",7911158.35
V00342,"Winters, Newman and Brown",7889740.680000001
V03780,Martin-Payne,7841232.35
V01564,Owen-Brown,7775386.499999998
V02907,"Grimes, Arnold and Lawson",7731659.25
V01811,"Cruz, Middleton and Larsen",7523725.300000001
V02664,"Barrera, Kerr and Jenkins",7515599.470000001
V04731,"Li, Mason and Jacobson",7515396.4
V00992,Ramirez and Sons,7491321.16
V02272,"Hamilton, Green and Edwards",7382488.29
V03943,"Johnson, Sims and Crane",7312705.56
V04101,Martinez Ltd,7291282.96
V04801,Briggs-Moore,7283855.720000001
V01764,Austin-Morgan,7268038.94
V04092,"Sullivan, Haney and Chavez",7253819.51
V02935,palmer inc,7188901.0600000005
V03729,Shaw-Smith,7160585.86
V00189,Garcia LLC,7149451.98
V04530,turner llc,7060802.84
V04679,"Henderson, Williams and Keller",7037602.6
V02408,"Campbell, Davis and Arnold",6935118.34
V00923,Parker Ltd,6926974.770000001
V03925,Marquez-Nunez,6869424.479999999
V02279,"Yates, Brown and Hernandez",6865666.08
V02660,Hale Inc,6819592.000000002
V03915,Pope and Sons,6671060.4799999995
V02491,"Bernard, Flores and Fleming",6663169.4799999995
V00169,"Yates, Ramsey and Pittman",6605023.32
V01010,Weaver-Thompson,6514248.0
V01258,"Price, Dixon and Robles",6472719.0600000005
V01495,"Ferguson, Stout and Olson",6466409.46
V03427,Bennett-Ruiz,6461816.5
V00977,Anderson Group,6448277.58
V01821,Lane Ltd,6296782.83
V02387,Mitchell-Jackson,6291876.5600000005
V00886,Wheeler PLC,6286822.319999999
V01719,"Gomez, Anderson and Hart",6230119.46
V00599,Hoffman Ltd,6138570.529999999
V00463,"Taylor, Wright and Davidson",6091460.43
V04570,Watts-Travis,6086831.4799999995
V03471,Clay Group,6079135.35
V04270,Mccullough Inc,6054138.199999999
V04224,Davis-Green,6006129.91
V01583,Smith-Joyce,5934705.7700000005
V00516,Osborne LLC,5932782.360000001
V04501,"Johnson, Perez and Henry",5860131.81
V01108,Byrd LLC,5837378.4
V03265,Flores Inc,5818609.790000001
V02883,"Garcia, Weiss and Young",5814893.010000001
V04143,"Huff, Bird and Miller",5686210.66
V02816,"Burch, Kim and Hall",5679073.47
V03973,Flores-Moreno,5678101.470000001
V03342,"Mooney, Conley and Fox",5648373.58
V04326,"Gomez, Mcmahon and Fisher",5589913.700000001
V04955,Rodriguez-Clark,5588565.220000001
V03692,"Cortez, Phelps and Taylor",5547213.0
V04943,"Price, Bryan and Carter",5511284.220000001
V01975,Quinn-Gordon,5427637.64
V01095,Jones Ltd,5416500.0
V04618,Hudson Ltd,5393184.37
V04517,Robinson and Sons,5357927.25
V02508,Coffey-Johnson,5304594.6899999995
V01888,Mendez Inc,5249655.359999999
V04733,Bradford and Sons,5237295.26
V02835,"Michael, Walker and Fitzgerald",5206272.3
V04594,Allen-Riggs,5146999.320000001
V04058,Carlson and Sons,5118371.76
V04695,Ortiz Group,5071639.37
V04251,"Day, Campbell and Taylor",5065582.119999999
V03291,Villa Inc,5018584.68
V00850,Gonzales Inc,4993838.279999999
V01064,Armstrong-Young,4939140.91
V04125,Taylor-Morales,4932897.62
V02299,Nguyen-Dennis,4918639.140000001
V01073,Bartlett-Sloan,4905547.870000001
V03344,Torres Ltd,4829713.55
V01652,Acosta LLC,4821402.2700000005
V04584,"Mendez, Williams and Henry",4817890.519999999
V04055,Taylor and Sons,4816976.34
V03836,Howard Inc,4734674.559999999
V02884,Thomas and Sons,4726246.549999999
V00694,Faulkner-Grant,4717878.299999999
V03233,Kline-Davis,4676073.6
V01740,Larson LLC,4648703.100000001
V01223,Smith LLC,4624759.859999999
V02652,Brown-Ross,4596175.799999999
V00100,Walsh LLC,4591147.5
V00145,Hernandez Ltd,4587982.99
V01617,Todd Inc,4587968.49
V01224,"Brandt, Carter and Boyd",4554716.130000001
V03676,Fischer Group,4540012.2
V01430,Shannon LLC,4507409.959999999
V02985,Wright-Jacobson,4499984.96
V00277,Cook-Hines,4464785.48
V02077,"Marsh, Nelson and Wolfe",4450961.76
V02682,Ramos Inc,4433787.3100000005
V01208,Walton LLC,4427789.16
V04153,"Williams, Holland and Alexander",4404874.85
V01264,"Mckinney, Richardson and Chapman",4400719.06
V01385,Lopez-Fletcher,4389076.659999999
V02285,Martinez Inc,4386375.749999999
V01844,Kent Ltd,4379744.99
V03832,"Wood, Simmons and Leonard",4373012.52
V00309,"Phillips, Spence and Barrett",4362850.2
V03650,Johnson Ltd,4338850.659999999
V00650,Todd-Pham,4298951.06
V03305,Bonilla Inc,4278497.34
V00073,Henderson-Bernard,4258321.68
V02350,Petty-Allison,4204274.95
V01720,"Daniel, Jimenez and Morton",4203696.0600000005
V02371,Rhodes-Thompson,4201107.74
V04677,Dunn LLC,4199952.36
V04878,Lucas-Potts,4168961.359999999
V02080,Watson-Washington,4165548.0099999993
V04067,moss and sons,4153805.0
V02412,Green-Romero,4130464.659999999
V03589,Williams Ltd,4099866.909999999
V02158,Wright Ltd,4092824.7
V03078,Rose-Frank,4082436.8099999996
V03123,Matthews Group,4071198.3200000003
V01434,Perez and Sons,4067172.02
V02918,Cisneros-Meyer,4058525.4899999998
V00465,"Rosales, Mitchell and Hines",4037705.75
V03481,Miles-Dunn,4034631.340000001
V00415,Dixon Inc,3971380.9500000007
V03779,Lopez LLC,3963811.9499999997
V03922,Walker LLC,3957984.64
V04204,Johnson Group,3925945.7499999995
V01927,Rogers Inc,3923002.38
V02862,"walker, matthews and archer",3911553.039999999
V01947,clark-king,3865241.04
V03428,"White, Erickson and Hunter",3853473.2100000004
V02079,Smith PLC,3850073.390000001
V00488,Williams-Hughes,3808194.3000000007
V00978,Parks-Pace,3800375.95
V01886,Bishop and Sons,3783199.04
V03370,"Moore, Miller and Nelson",3776886.9900000007
V00010,Abbott-Munoz,3748434.8299999996
V02174,"Richard, Davis and Rogers",3736231.2400000007
V01603,Duncan-Williams,3720583.4399999985
V00078,Yu Inc,3703549.3
V01745,Brooks Inc,3641668.85
V03568,Jackson Group,3628772.5500000003
V03575,Wilson-Merritt,3619777.1599999997
V02532,Allen-Peterson,3604366.5099999993
V03259,"King, Ortiz and Munoz",3593946.88
V00464,Spencer-Garcia,3578200.08
V01400,Frost-Graham,3577278.1200000006
V04827,"Torres, Valdez and Briggs",3574592.0999999996
V00609,Huang-Foster,3549221.7499999995
V02246,Williams PLC,3534798.29
V01817,English-Dominguez,3528359.4099999997
V04857,Carrillo-Simon,3527628.46
V02759,Stone and Sons,3466569.5700000003
V03992,Gates-Rodriguez,3431248.5
V01822,Joseph LLC,3428631.0
V02847,"Gonzalez, Curtis and Cox",3409692.6000000006
V03987,Cardenas and Sons,3395304.5599999996
V04057,"Moore, Neal and Farmer",3393136.9099999983
V02301,Solis LLC,3360792.75
V03108,Martin-Pratt,3347096.4000000004
V03144,Williams-Trevino,3341116.58
V01126,"Erickson, Armstrong and Lee",3318840.6500000004
V00310,Smith-Grimes,3318679.3000000003
V00638,Morales Inc,3298761.9599999995
V04638,"Barber, Brooks and Cole",3283360.5599999996
V04980,"Velazquez, Foley and Andrews",3280439.0399999996
V03366,Petersen-Martinez,3276782.75
V03495,"Sanchez, Orozco and Flores",3259544.2800000003
V03812,Davis-Cruz,3259154.6899999995
V03696,Benson PLC,3241715.4
V03788,"Morales, Johnson and Hunt",3216262.53
V02328,Miller Ltd,3193971.6199999996
V02469,Garcia-Thomas,3189489.87
V01347,Keith-Williams,3176927.8199999984
V04087,"Bullock, Cruz and Williams",3164266.62
V00072,House-Glover,3153406.5500000003
V04275,Howell LLC,3153033.9400000004
V02313,Davis-Henderson,3135805.96
V00079,Jones Inc,3133038.84
V04441,"Woods, Roberts and Young",3117315.6599999997
V03231,"Camacho, Rodriguez and Ho",3094739.01
V04167,Stewart LLC,3072374.04
V03035,Roth Ltd,3060368.34
V04615,"henderson, brown and baker",3059228.2899999996
V03706,Robles PLC,3054327.8400000003
V01058,Marshall-Perez,3037829.16
V02475,Johnson-Schultz,3034946.16
V01555,Rodriguez-Mills,3026292.5200000005
V03670,"Wright, Thomas and Jensen",3025922.34
V00195,"Hernandez, Thompson and Boyd",3021134.1999999997
V02672,Santiago-Marshall,3003837.4299999997
V02524,Stewart-Myers,3003299.37
V04713,mendoza-jackson,2995892.69
V04197,Pope PLC,2990095.36
V00765,Miller Group,2982801.38
V00707,"Howard, Green and Hunt",2974481.4000000004
V00655,Murphy PLC,2972463.8000000003
V00369,Perry-Davis,2967225.41
V03739,Ramos Ltd,2949875.4799999995
V03422,"Warren, Palmer and Thompson",2948659.51
V04509,Johnson-Morrison,2936702.4300000006
V04953,Chung-Andrews,2932676.96
V04108,"Garner, Fox and Chan",2909845.38
V02844,Ellis-Martin,2909645.6200000006
V03863,"Porter, Patel and Jackson",2892328.6499999994
V03135,"Gamble, Davis and Smith",2872649.2
V03587,"Romero, Reilly and Mitchell",2869720.08
V00740,Miller Group,2857970.0999999996
V01998,"Pitts, Warner and Mullins",2851209.5300000007
V01833,Berry-Rivera,2845260.7399999998
V00883,Barber-Fischer,2828452.8000000003
V02528,Murphy Inc,2825278.2600000002
V01670,"Crosby, Armstrong and Herrera",2824475.13
V00997,Durham-Shaw,2799296.24
V00762,"Moore, Price and Ward",2797774.3200000003
V03983,Elliott-Farmer,2793773.68
V03583,"Banks, Gray and Gonzales",2791537.5
V00834,Burns and Sons,2791221.87
V04719,Chavez-Carter,2785273.5700000003
V03256,"Burgess, Cabrera and Dean",2772530.4
V04626,Richards-Smith,2769757.2
V03646,Fischer PLC,2761005.2200000007
V01078,Hernandez PLC,2741345.6499999994
V00735,branch and sons,2740090.9600000004
V02195,Lucas-Johnson,2737771.3
V03986,"Trujillo, Proctor and Wang",2729220.44
V02978,Smith-Gonzalez,2716834.05
V00687,"Fry, Hobbs and Buck",2709940.8600000003
V00313,Robinson-Lee,2693580.39
V04003,Sanchez-Armstrong,2682474.5
V02768,warren-pena,2680879.52
V02804,"Davies, Archer and Owens",2667891.6
V01232,"Taylor, Porter and Moreno",2644246.1799999992
V03401,"Gonzalez, Jones and Hernandez",2636700.0
V04680,Smith LLC,2623049.94
V02699,"Hanson, Williams and Mcclure",2617041.5100000002
V03638,"Rivera, Jacobs and Smith",2606585.0499999993
V03414,Wolfe-Rodriguez,2602918.62
V02755,Green Group,2599142.7399999998
V02108,Knapp Ltd,2586772.0
V02053,Thomas LLC,2575171.9
V02994,Anderson Ltd,2569624.8
V04036,Hall-Gillespie,2566532.6
V03504,Ramirez-Cruz,2562105.429999999
V02169,Harris-Reid,2555732.16
V02084,"Norris, Cisneros and Mathis",2548803.8800000004
V02200,Edwards LLC,2546463.41
V01894,Graves Group,2536543.2800000003
V03521,Morgan-Foster,2531289.8699999996
V03270,"Shah, Aguirre and Powers",2530948.34
V04144,Marquez Group,2513805.8499999996
V01327,Hampton-Tucker,2506279.1600000006
V03021,"Henson, Baker and Anderson",2490443.2800000003
V03254,"Collins, Bauer and Mckay",2487131.8999999994
V04802,Good-Cook,2483379.7
V00364,"Kelley, Nguyen and Vang",2482874.8499999996
V02294,Brooks-Hickman,2467648.4799999995
V00907,Cruz-Allen,2445464.52
V02251,Reeves and Sons,2432722.8599999994
V04803,Wilson-Young,2431932.3
V03488,White-Williams,2429166.84
V03206,"Foster, Ayers and Casey",2415516.2600000002
V02821,"Mclaughlin, Collins and Lawrence",2414899.2
V02321,Carroll-Arnold,2359207.7299999995
V03067,Hernandez-Griffin,2334248.28
V00381,"Richardson, Farmer and Andrews",2333128.7700000005
V00089,Suarez LLC,2332998.9599999995
V03178,"Jensen, Morris and Downs",2316235.41
V03360,Knight-Sparks,2292746.5500000003
V04927,Woodard Inc,2280826.8
V02452,"Hogan, Zimmerman and Hoffman",2250358.0500000017
V04908,"Meyer, Miranda and Watkins",2248632.5399999996
V01046,Terry-Bowen,2242974.88
V04800,Howe-Brown,2236350.9
V03389,"Rich, Brown and Bruce",2233608.3000000003
V00411,Kim Inc,2231560.92
V03795,Turner Inc,2220388.95
V04423,Evans-Burns,2204878.0200000005
V03877,Barnes PLC,2199724.1900000004
V04804,Reilly-Sanders,2195145.2899999996
V02008,Hill Ltd,2170036.4300000006
V01032,"Jones, Scott and Rodriguez",2167946.55
V03421,"Foley, Gordon and Bailey",2161496.9299999997
V02661,Hale-Williams,2158371.96
V00325,"Diaz, Gibbs and Smith",2155317.0999999996
V01337,"Vincent, Anderson and Mason",2144010.2199999997
V02999,ferguson and sons,2139203.99
V03053,Gomez LLC,2121879.1799999997
V02260,Mccann-Sanders,2119409.52
V02842,"Chase, Long and Anderson",2118787.11
V04139,Copeland-Richmond,2112030.1999999997
V03648,Moore LLC,2105064.5000000005
V00417,"Mullen, Brewer and Hernandez",2095532.9999999998
V03289,"Ramsey, Perez and Miller",2087703.2099999997
V04535,"Young, Kane and Riley",2087693.9399999997
V01360,Mendoza-Garza,2086054.72
V02709,Hall PLC,2085345.7199999997
V04741,"Harding, Gomez and Jacobs",2071413.8899999997
V01471,Welch-Thomas,2058369.8399999999
V00810,Alvarez-Kim,2056952.0799999998
V03022,"Phillips, Galloway and Garrett",2052372.2600000002
V02561,Neal-Holden,2050622.1199999996
V04562,Rowland and Sons,2049881.6799999997
V03552,"Gordon, Andrews and Kelley",2041411.92
V00871,Adams-Clayton,2040924.1600000001
V04656,Knight LLC,2038140.3699999996
V01420,"Wright, Ramos and Bennett",2029501.4999999998
V03248,"Case, Adams and Olson",2027481.14
V00922,Wilson-Salazar,2015034.1
V01331,"Jones, Smith and Hunter",2006638.2000000007
V01038,Phillips LLC,2001984.96
V01556,Williams and Sons,1983577.1999999997
V01115,Byrd-Holloway,1957038.1999999997
V02714,"Johnson, Mclean and George",1950840.0
V01346,"Velez, Ward and Harrison",1944532.48
V03730,Johnson-Hill,1944516.2400000002
V04226,"Miller, Hayes and Davis",1918586.0400000005
V02679,Byrd and Sons,1909262.1
V04519,Cortez-Ellis,1901654.7200000002
V04551,"Fernandez, Flores and Fowler",1901082.0
V02116,Wilson-Campbell,1888289.0000000005
V02639,garcia plc,1879088.6399999997
V02384,Martinez and Sons,1867755.1199999999
V02963,Shaw-Mclean,1865741.2800000003
V03977,Phelps PLC,1864646.4899999998
V00845,Adams PLC,1864274.4000000001
V01098,Wright Group,1858938.5999999999
V04424,"Duarte, Lee and Matthews",1858150.53
V01878,King Group,1856555.6299999997
V04647,"Roman, Stark and Turner",1851249.0900000003
V02381,"Wilson, Harris and Ward",1843999.2
V01406,Harris Ltd,1842759.6300000004
V03911,"Soto, Alexander and Cobb",1836868.8800000004
V00966,Owens-Russell,1835157.2400000005
V02449,Weaver-Rubio,1828908.8399999999
V00193,Short-Garcia,1828376.1800000006
V01613,"Rios, Carrillo and Jackson",1822356.0000000002
V02534,Harding PLC,1819378.77
V00780,"Mccann, Taylor and Flores",1819129.1700000002
V04161,Bowers-Nguyen,1817218.1500000004
V00003,"Mcclain, Miller and Henderson",1815767.7599999998
V00384,"Gallegos, Adams and White",1813143.2800000007
V02744,Waller-Brooks,1810195.9500000002
V04865,Cole LLC,1809260.6999999997
V03553,Ryan-Martinez,1804100.35
V04578,Martinez-Lopez,1796955.93
V04708,Brewer Inc,1795628.3999999997
V01846,Green Ltd,1790893.3199999996
V01176,Warner-Phillips,1782904.16
V00964,Taylor PLC,1775857.6
V02831,Shea-Mccarthy,1775507.8399999999
V04208,Reeves Group,1772046.1300000004
V03833,Daniels and Sons,1764243.0
V04378,Anderson PLC,1760305.41
V03318,Bell-Wilson,1745349.4999999995
V04845,"Parrish, White and Booth",1743548.66
V02464,Weaver LLC,1736927.3899999997
V04119,"Barnett, Clark and Quinn",1735047.36
V01647,"Mcbride, Huffman and Parker",1731237.0300000003
V01100,Hill Group,1724576.64
V01080,"Chan, Floyd and Dillon",1723379.67
V04909,Snyder-Ferrell,1711368.1499999994
V00652,"Marks, Miller and Griffin",1699474.8000000003
V03871,"Manning, Fritz and Brooks",1696835.4000000001
V04289,Mitchell-Hudson,1681789.2
V02058,"Bradley, Melendez and Gonzalez",1673239.6800000002
V02993,"Hill, Silva and Miller",1669065.3900000001
V01131,Hardy-Hansen,1667077.12
V02323,Gutierrez-Marshall,1664762.4000000004
V03024,"Sanford, Thompson and Bonilla",1664447.4
V03935,Thompson-Prince,1664153.84
V02982,Hicks Ltd,1655874.69
V00124,"Joyce, Wilson and Lam",1653929.6400000001
V03164,Irwin-Lewis,1653756.7100000004
V03699,"hansen, perez and fuller",1651444.5400000005
V00236,"Harrison, Johnson and Roberts",1646302.5000000005
V03994,David-Watkins,1637162.5499999998
V03740,Edwards PLC,1634329.3399999999
V02214,Stewart Group,1630421.1599999997
V02164,Chapman-Odom,1627908.4199999997
V00946,"Mueller, Stevenson and Sanchez",1617514.1800000002
V00590,"Patton, Parsons and Lane",1599349.7999999996
V03321,Davis-Wong,1598684.88
V02783,Frederick-Kennedy,1598405.5600000005
V01395,Adkins Group,1595772.6300000004
V00116,Walker Ltd,1593786.88
V04552,Thompson-Morales,1587424.1800000002
V01824,Good PLC,1576104.9000000004
V00861,"Morris, Wright and Bridges",1574602.49
V03498,Skinner PLC,1574260.7399999998
V01776,"Stark, Rivera and Valencia",1573248.27
V00986,Reyes Group,1559392.48
V02373,"Perez, Hoffman and Tucker",1558865.1400000001
V00671,"Long, Anderson and Irwin",1553744.6399999997
V00163,"Smith, Gilmore and Johnston",1550139.9300000002
V00322,Brock-Mcdonald,1549398.93
V03444,Perez-Harmon,1544145.54
V04113,"Hernandez, Dunlap and Lynch",1522669.5000000002
V04958,Gray-Stone,1516966.5999999999
V04863,Sloan-Lynch,1516000.9000000001
V00291,Brennan-Johnson,1510042.58
V01510,Walsh PLC,1508332.0100000002
V04429,Barnes-Johnson,1507615.8000000003
V04669,"riggs, smith and lopez",1501326.7999999998
V03141,Scott-Kennedy,1500765.38
V00752,"Ramsey, Mason and Mccann",1491936.81
V01300,Avila PLC,1491452.6099999999
V02300,"Meadows, Robles and Anderson",1481542.11
V01829,"Davis, Kennedy and Harmon",1474518.3599999999
V00075,Novak PLC,1474062.3199999998
V00057,"Washington, Ryan and Cummings",1468569.6
V04225,Perez Ltd,1467942.3299999996
V04773,"Reid, Thomas and Gill",1459435.3199999998
V02362,"Mcdonald, Ware and Sharp",1458774.12
V01483,Brown Group,1455934.2000000002
V04187,Mathews Group,1451564.5900000003
V04763,Thomas Ltd,1447985.5799999998
V02072,Ward-Fields,1441060.1099999999
V04090,Sanders Inc,1440937.2000000002
V03897,Morris LLC,1432779.37
V00782,Carter-Neal,1425911.5500000003
V02353,"Garza, Carr and Gregory",1424224.5
V04468,Mills PLC,1416796.68
V00519,Hines-Berry,1415110.51
V01009,"Thomas, Vaughan and Copeland",1393155.2
V02151,"Brown, Baker and Garza",1392937.5
V01861,Blanchard-Reynolds,1387240.8900000001
V03930,"Smith, Diaz and Romero",1382966.1499999997
V00574,Williams-Williams,1380285.63
V03620,"Silva, Little and Washington",1378398.5
V01529,Moore-Chandler,1374844.9600000004
V04042,"Olsen, Davis and Thompson",1374582.0
V00661,Foster Inc,1374052.68
V02005,Lopez Group,1373215.92
V00995,Mayo Ltd,1361978.1
V02945,Bailey Ltd,1350829.0500000003
V01657,"Adams, Bradley and Hall",1338727.1400000004
V00824,Rose-Fowler,1332861.75
V02754,"Mann, Johnson and Wade",1328377.2
V00047,Anderson Group,1327488.3899999997
V00551,"Baker, Clark and Armstrong",1318899.78
V03668,Davis and Sons,1318609.6500000004
V04329,"Ross, Cummings and Harris",1317648.1800000006
V03037,Stout-Waller,1317136.4999999995
V04001,Sawyer PLC,1298450.4200000009
V02933,Craig PLC,1297413.1199999999
V02244,"Holland, Sims and Meadows",1290691.6899999997
V04098,"Baker, Casey and Simmons",1290269.22
V03183,Harding-Mathews,1288769.85
V02153,Flores-Johnson,1288109.5499999998
V02191,Mcdaniel-Young,1276235.9999999998
V01006,Thompson PLC,1274360.3799999997
V00136,"Lawson, Morris and Ramos",1269863.4
V03126,Mcclure Inc,1268158.6199999999
V01639,Zamora-Briggs,1264526.52
V03881,Perez-Powell,1255661.31
V01122,Trujillo PLC,1237875.82
V03748,Ramos LLC,1233801.7700000005
V02189,Walters Group,1230551.38
V02463,Scott-Wilson,1226381.67
V02135,Garcia Inc,1210925.5799999998
V01186,Smith and Sons,1210510.4000000001
V00159,Mccarthy Inc,1209932.56
V03657,Glover-Coleman,1205173.4199999997
V02171,Mitchell Inc,1204345.35
V03654,"Warner, Oconnor and Smith",1194790.52
V02738,Ford-Chavez,1184235.48
V02868,"Roth, Logan and Moreno",1182478.7600000002
V02880,Hopkins-Wallace,1180191.6999999997
V04190,Burton-Oneal,1177743.06
V04234,"Brooks, Thompson and Alexander",1175529.5099999998
V04706,Gray Group,1170970.4
V00682,"Robinson, Shields and Brown",1168912.14
V04027,Hernandez-Foley,1165387.0799999998
V01277,Walker-Lewis,1163504.0899999999
V03776,"Valenzuela, Morris and Garcia",1162575.1
V04686,Harris-Jensen,1150512.4800000004
V02813,Huynh PLC,1148638.2799999998
V02403,"Harris, Stephens and Kramer",1147177.76
V03302,"Webb, Davis and Miranda",1141377.2900000003
V01651,"Fry, Wilson and Stewart",1140131.85
V01049,"Larsen, Hernandez and Ward",1128898.26
V04983,Mack-Carrillo,1126723.95
V01431,Valentine Ltd,1126206.1600000001
V02763,"Booth, Rodriguez and Armstrong",1125303.3000000003
V03322,"Reilly, Lee and Lopez",1117930.5699999998
V00178,Walker-Jones,1116333.9
V04690,Allen PLC,1114662.6400000001
V01296,Andrews and Sons,1108983.53
V02274,"Ward, Jordan and Orr",1108881.6899999995
V04149,"Rodriguez, Massey and Day",1104851.26
V02894,"Holland, Dixon and Martin",1101169.4100000001
V03894,Arnold-Boyer,1098063.85
V04393,Berg-Williamson,1097983.5899999999
V03603,Dennis-Wilson,1094308.9300000002
V02597,"Morse, Silva and Johnson",1093196.4099999992
V04851,Johnson-Smith,1090667.359999999
V01056,Watson Group,1083612.0
V02091,"Olsen, Walker and Vincent",1078891.4900000002
V04689,Sanchez Group,1070032.88
V01392,"Olson, Wood and Peters",1065364.41
V04151,ward ltd,1059708.04
V01721,"Hall, Roberts and Lee",1037871.5000000002
V03880,"Gill, Stewart and Nichols",1022417.9800000001
V03518,Anderson Inc,1006506.4200000004
V03885,Hines-Douglas,1005574.1599999998
V00597,Salas-Fitzgerald,1002941.9599999994
V04830,Hernandez-Moore,1002404.83
V04335,"Chavez, Conway and Sosa",1000954.5600000002
V03351,"Mcknight, Howard and Johnson",997875.06
V01609,Adams Group,995484.53
V01052,Little Inc,994238.4900000005
V01393,Hinton-Lane,987811.6000000001
V02713,Harris-Bennett,980334.7199999997
V02807,"Graves, Garcia and Holder",973382.0
V04475,Bryant-Gonzalez,968660.1599999998
V01236,"Ochoa, Garcia and Sandoval",968658.9600000009
V01760,Hill Inc,966862.41
V00286,Bowen Group,963483.3400000001
V01120,"Nguyen, Hill and Douglas",960359.4000000001
V03808,Wood LLC,959597.2199999999
V03493,Wallace LLC,958769.4
V02756,"Hernandez, Wright and Lane",945644.6200000002
V04972,Smith and Sons,944907.6199999999
V02649,Moore-Andrews,940648.6
V04840,Randall LLC,939950.96
V03889,Greene Ltd,937628.2299999999
V03806,Freeman-Yang,935626.6199999999
V00621,Santos-Avila,926445.4500000001
V00462,Burch-Montoya,923154.1
V03172,Gonzalez Group,923113.7100000003
V02027,"Mann, Wade and Spence",920252.1599999999
V01370,Jackson-Jennings,919414.6500000001
V03778,Alvarez-Rogers,918082.0599999999
V00396,Reed Inc,913884.48
V01325,Hill-Ward,906182.3700000003
V01837,Soto PLC,903539.04
V01105,Curry-Barker,899371.2
V04362,Waller Ltd,898826.0
V04220,"Haynes, Jennings and Ballard",898287.9899999998
V04975,Boyd-Vaughn,895324.3200000001
V03667,"Collins, Thomas and Soto",894998.5800000001
V00024,Morales-Jones,881489.3399999999
V01936,"Nelson, Cole and Allen",880654.1699999999
V03311,Robinson LLC,879618.3900000004
V01871,Lee-Johnson,878562.9299999997
V02247,Burke-Hernandez,872631.3599999996
V03988,Bates LLC,870849.8400000001
V03290,"Barrera, Wood and Leach",866862.4299999999
V01090,Mccann-Ramos,866465.71
V00070,Hancock Inc,863497.2
V02101,Johnson-Thomas,860816.6699999999
V01648,"Roach, Browning and Jordan",844570.7100000001
V03476,Smith Inc,844004.9400000001
V01500,"Smith, Weeks and Arroyo",842476.5999999996
V01087,Morgan LLC,833707.21
V02421,Gibson-Thomas,833592.49
V02893,Klein PLC,832343.9300000002
V00303,Santana-Byrd,828312.5999999996
V03052,Perez Group,824532.8500000001
V02669,"Brady, James and Reese",822888.9899999998
V03551,Benjamin and Sons,818159.7200000002
V02176,Simmons-Reed,816435.6799999996
V02581,Wood LLC,806198.8
V03581,"Hendricks, Zuniga and Miller",803513.4999999999
V00311,"Beltran, Lozano and Mcgee",797859.12
V01640,Raymond LLC,790652.8
V04592,Miller Ltd,789144.98
V03083,Allison-Delacruz,784411.2000000001
V00061,"Brown, Valdez and Lucas",783283.7300000002
V02604,"Oliver, Simmons and Mcdonald",783085.64
V02159,Watkins-Lozano,782714.3399999999
V04213,"Matthews, Huffman and Arellano",781662.6400000001
V00355,"Fisher, Wilson and Brown",780636.55
V02596,Wells-Perkins,779774.3200000003
V03562,Frost and Sons,778623.3
V01231,Ellis-Lawrence,774875.2999999999
V01606,castillo and sons,765917.1299999999
V01187,"Holland, Murphy and Kline",764668.46
V02878,"Jackson, Rowland and Barrett",763382.46
V01991,Fitzgerald-Brown,762938.98
V01167,Wallace-Martinez,759091.4700000002
V00356,Strickland-Palmer,755862.3800000001
V00058,"Johnston, Sanchez and Kennedy",754667.2000000001
V04600,"Valdez, Williams and Richards",752717.4999999999
V04276,Becker-Mckinney,748363.2300000001
V04597,Sutton PLC,746077.3599999996
V04013,Decker Inc,741488.3800000001
V02620,Grimes and Sons,738427.5799999998
V00920,Collins Group,735383.96
V00787,Maldonado PLC,730205.2800000003
V01248,"Butler, Adkins and Skinner",727955.74
V02089,Preston-Harper,724055.22
V03483,Bell-Cooper,721520.7099999993
V01436,Lowe Ltd,715494.0800000001
V01608,"Gilbert, Fitzgerald and Sanchez",715073.17
V02048,Bell-Madden,707869.8199999998
V04694,Griffin-Hall,704875.0800000001
V03934,Wong-Harrell,699134.1600000004
V04524,Vincent LLC,695613.2699999999
V00644,"Young, Contreras and Marshall",692157.45
V00768,"Davis, George and Nguyen",689116.89
V01263,Greer-Pruitt,685746.57
V01600,Maddox-Mullins,685364.4199999999
V01759,Lambert-Nelson,684868.8
V04236,Howell PLC,684455.04
V04486,Compton-Morgan,683614.5
V03586,Elliott PLC,678479.8000000005
V00639,Holden Group,673438.03
V00525,Gonzalez-Taylor,669518.1500000001
V03352,"Figueroa, Mcpherson and Howard",666422.0999999999
V00833,"Ellison, Arias and Thompson",665565.47
V02555,Hernandez LLC,665532.34
V02291,Tate Ltd,662582.34
V03484,Allen Inc,662549.9500000002
V04824,"davis, obrien and barker",662358.1299999999
V01568,"Davis, Hardy and Schmidt",661956.0
V04256,Townsend-Hale,661880.4000000001
V03143,Case PLC,656742.0299999998
V00679,Wheeler Group,655387.7400000002
V00093,"Garcia, Humphrey and Baker",653638.8300000001
V00223,Sheppard LLC,653054.32
V03152,Bennett-Hudson,652189.8699999999
V03009,Hart-Myers,649513.5599999996
V02547,"Lee, Garcia and Larson",647747.3199999998
V01599,Williams Ltd,629381.31
V04998,Higgins-Walker,629186.6799999978
V03905,Jones-Butler,624431.0700000003
V01906,"Barker, Tucker and Mcclure",619216.6500000001
V04258,"Adkins, Duncan and Thompson",616707.909999999
V02947,Jordan and Sons,613682.7100000003
V00685,Young-Walter,606892.4999999999
V03442,Zhang PLC,603879.8400000001
V03637,Gould PLC,597738.8700000006
V03155,Rodriguez-White,593176.0999999999
V01594,Hobbs-Hamilton,583714.43
V02239,Green Ltd,581835.0
V04651,"Guerrero, Berry and Harrison",580464.5799999998
V00939,"Flores, Mckenzie and Duncan",580423.02
V00059,lee-davis,575610.5800000001
V03017,Nelson Inc,571896.9900000002
V00929,Nelson-Brown,570259.44
V04790,Webb-Murphy,570113.4600000001
V02334,Smith Ltd,562312.0599999999
V03416,Bryant-Elliott,556611.5400000003
V03732,"King, Garrett and Maddox",548417.52
V00301,"Thomas, Murray and King",541274.8999999999
V02238,Hayes-Russo,539376.12
V00457,Bishop-Goodwin,536845.25
V01262,Harris-Melton,533478.2
V04852,Dawson-Mcbride,527276.1499999998
V03613,"Gonzalez, Harrison and Washington",526079.11
V02347,Richards-Harris,519257.5200000005
V01188,"Adams, Quinn and Watson",516846.7200000001
V04170,Harris-Chase,511701.98
V01581,Smith-Johnson,504846.0100000001
V04757,Brooks-Bell,503720.08999999985
V00031,Burton Ltd,500872.32000000007
V01440,"Melton, Henry and Joyce",499951.69000000006
V00729,Nichols-Mitchell,498899.07
V02042,Johnson PLC,493561.5800000001
V03609,Hamilton Ltd,484052.06999999983
V00199,Ramirez Group,483707.19000000006
V02833,Padilla-Bennett,481235.0399999999
V03170,"Orozco, White and Brown",476852.2699999997
V00607,Stewart-Bailey,476523.7100000001
V02367,Moore Group,472527.6400000001
V01523,Huang LLC,469398.02999999956
V04416,Harvey Group,468838.5
V04237,Aguirre LLC,466925.76
V03063,"Roth, Bailey and Garcia",465426.0
V02791,"Ramirez, Lyons and Briggs",465327.00000000006
V00068,Novak and Sons,463958.49000000005
V01699,Ortiz-Miller,452413.47
V02595,"Brooks, Neal and Baldwin",451207.43
V00483,"Andrews, Higgins and Carter",450251.36000000034
V01448,"Hensley, Lopez and Baker",447681.52000000066
V03733,Roy Group,445137.5
V01059,Elliott-Hernandez,440652.5999999996
V00686,"Boyd, Gutierrez and Hill",434887.0899999994
V04904,Duncan Inc,434744.74000000005
V04397,Hardin Inc,434344.56
V01632,"Garcia, Stewart and Delacruz",432883.08
V03104,"Lewis, Montgomery and Robinson",432018.0100000006
V01515,Martinez-Gonzales,430184.0299999999
V00791,"Porter, Schultz and Allen",429486.42000000016
V02049,"Miller, Luna and Wallace",428183.91000000015
V02400,"Spencer, Torres and Newton",418691.0
V00427,Johnson-Wood,415506.00000000006
V00608,"Hill, Martinez and Rhodes",407732.7099999996
V04496,Mason LLC,406690.49
V03991,"Stevenson, Salinas and Williamson",405227.4599999995
V03028,Montoya and Sons,401148.22
V03096,Jenkins-Rogers,400536.14999999997
V03596,"Fischer, Johnson and Orr",396179.1000000001
V03822,Coleman-Harmon,395661.2799999998
V01753,Collins Inc,395399.3999999999
V01307,"Phillips, Walters and Evans",389644.5
V02168,"Morgan, Mendez and Cox",388686.8999999999
V02549,"Martinez, Hicks and Kelly",387698.5499999998
V00231,"Branch, Torres and Oliver",386979.4499999997
V00134,"carroll, sullivan and bass",381962.45999999996
V00391,frank-bradley,378671.0399999997
V04691,Mcclain and Sons,372805.0800000001
V02324,"Carroll, King and Scott",370175.7600000001
V01481,"King, Manning and Brady",369798.00000000023
V00636,Thompson Ltd,367928.0999999995
V01172,Hunt PLC,365603.92000000004
V04255,"Webb, Price and Jimenez",362529.5
V03268,Guzman-Rose,361682.5999999996
V01012,"Robinson, Fox and Smith",356267.73
V01663,Perez Group,352515.26
V02518,Smith-Simmons,349873.33999999997
V02879,Turner PLC,348734.1000000001
V03743,Hurst-Jackson,348428.6599999996
V00919,"Walters, Davenport and Becker",346271.25999999995
V01579,"Gardner, Brooks and Pierce",344641.11000000004
V01485,Garcia PLC,343754.52999999997
V02565,Robinson-Smith,342481.4799999999
V00967,"Howard, Townsend and Hayes",336617.70999999985
V00219,Williams-Brown,335184.6599999999
V00062,Powell LLC,334270.7999999998
V03060,Munoz and Sons,331130.88000000006
V03016,Bowman LLC,328677.30000000005
V03781,Gonzales PLC,328605.70000000007
V04732,Taylor-Williams,326906.1600000004
V00454,White Ltd,324473.44999999984
V03118,Benjamin-Porter,321537.04000000004
V04961,"Hodge, Bates and Burns",319923.02000000014
V04952,"Jones, Foster and Sanford",317587.2
V04523,Farrell PLC,312511.67
V04871,"Olsen, Payne and Butler",309816.28000000026
V01140,Taylor and Sons,309440.1500000001
V01091,Adams-Butler,303186.95000000077
V00924,"Yang, Wilson and Zimmerman",300440.57
V04396,Brown and Sons,300262.66000000003
V03325,"Wright, Rodriguez and Wilson",299937.03
V03218,Gordon Ltd,294689.8399999999
V03810,Brewer and Sons,293297.57000000007
V00271,"Thomas, Lee and Greene",290407.19999999995
V03015,Ferguson LLC,289179.8399999994
V03398,Taylor-Jacobson,285832.32
V02335,Stevens-Sullivan,285356.5
V03408,"Williamson, Reynolds and Fields",281403.76
V01856,"Hall, Vega and Price",280931.9
V01580,"King, Nixon and West",280543.74
V01575,Sandoval-Ferguson,277028.6
V04297,Kim-Thomas,273573.99999999953
V03867,"Wood, Carter and Stewart",271812.36
V03385,Bernard Group,270049.42000000004
V01623,Payne LLC,267531.74
V00113,"Rodriguez, Brennan and Garrison",266341.27999999956
V04511,Williams Inc,258545.7499999997
V00449,Lee-Cooke,258309.25999999978
V02732,Gray-Ruiz,257536.9200000005
V04756,Prince Inc,254407.59999999963
V04867,"King, Baker and Schmidt",254192.75000000012
V02035,"Estrada, Marsh and Chandler",252663.3
V03909,Carter Group,251964.0899999999
V01270,Rivera Ltd,249657.35999999993
V02797,Stevenson-Bauer,249226.0199999998
V03801,"Bennett, Ford and Sanchez",248278.5
V01700,"Smith, Khan and Ramirez",247202.82000000007
V02501,"Martinez, Stanton and Bennett",237289.91000000061
V01318,"Carpenter, Lynn and Howard",236386.31999999998
V03570,Newton-Martinez,231560.16000000027
V03608,Mann LLC,230001.9299999998
V02829,"Ortega, Solis and Warner",225613.73
V00300,Harvey-Allen,223855.37
V00119,May-Ross,221281.63999999998
V01207,Christian-Booth,220392.62000000034
V02960,Fisher PLC,217440.99
V02383,"Harrell, Moore and Cox",213910.7099999999
V03075,Reyes PLC,211211.22
V00495,Brown Group,207928.75
V03712,Miller-Booker,203628.33
V03355,"Gardner, Gaines and Archer",203582.19999999984
V00295,"Brennan, Wallace and Benson",196218.22
V02859,Chen-Wallace,195073.5
V00143,Gibson Ltd,193534.32000000007
V02776,"Martin, Carter and Gray",191345.46999999997
V01696,Ellis Group,189834.5200000003
V04957,Melton LLC,189262.41999999998
V03910,"Mack, Cox and Moran",186223.64
V04038,Martinez-Gould,186078.41999999993
V02899,Murphy Inc,185275.92000000022
V00972,Foster-Williams,183774.6399999999
V04893,Gay and Sons,183449.19000000006
V03835,evans-johnson,183356.91000000003
V04271,Smith-Allen,182986.77999999997
V04950,"Carpenter, Coffey and Wright",181617.52000000002
V04766,"Stevens, Howell and Mitchell",177838.08
V00487,"Hartman, Romero and Smith",173755.52
V00999,"Robinson, Huang and Osborne",172249.7
V01156,Bryant-Meyer,172056.25999999995
V04902,Day-Gonzalez,167343.83999999997
V03677,"Porter, Chung and Young",164364.75000000012
V04023,"Morgan, Rose and Schwartz",164117.6000000001
V02095,Smith Group,159310.8
V01150,Smith-Ferguson,158645.59999999998
V02043,Rhodes-Rosario,158383.98
V03976,Moore-Miranda,156887.28
V03039,"Christensen, Smith and Garcia",154866.86
V00327,Richards-Carson,152190.05999999994
V00981,Orr Group,148372.77000000025
V02516,Lee-Gregory,144459.08000000054
V04421,Acosta-Flores,142123.52000000002
V02109,Richardson-Lawrence,142109.55
V00161,Brown-Wall,141079.30000000005
V03512,"Robinson, Johnson and Swanson",141011.2999999998
V04414,"King, Webster and Brown",140625.42000000004
V04806,Sanchez-Ballard,140208.03999999992
V00482,Carlson-Smith,139255.45999999985
V02460,Chapman-Henry,138556.5199999999
V04218,Banks Group,137584.85000000033
V00623,Pearson and Sons,136007.09999999998
V01659,Miller-Chan,131829.5
V02786,Ortega-Gray,128532.34999999992
V03932,Schneider-Matthews,128027.52000000008
V03467,Young Inc,127345.17000000007
V01691,White Ltd,119074.09999999998
V03901,"Davidson, Lara and Massey",116302.2800000002
V02775,Sims-Weber,115032.88999999998
V01374,"Barnes, Hernandez and Davis",114938.78000000026
V00573,Luna-Gallagher,114539.88
V00170,Hooper PLC,112634.56
V04280,Montoya Group,112601.20000000019
V02267,"Harvey, Turner and Foster",111807.73999999999
V00382,Bruce-Villegas,110052.35
V04377,Hopkins-Cook,109607.95999999996
V02680,Howard-Robinson,108672.07999999999
V03784,Burke-Olson,100719.29999999999
V00799,"Terrell, Byrd and Ross",99645.11999999988
V00932,Moore-Ayala,99135.56000000006
V02036,Morgan-Rodriguez,97706.25
V00361,Henry Group,97407.0
V02141,"Jimenez, Wagner and Daniels",97327.2300000001
V00207,"Alvarez, Joseph and West",96214.01000000045
V02222,"Martinez, Camacho and Mathews",90336.69000000134
V00876,Alexander Inc,90299.43
V03226,Lopez-Delgado,90195.19999999995
V01595,Kane and Sons,84063.97999999998
V02938,Decker Inc,83830.28000000003
V03059,Mclean-Gillespie,83165.74999999977
V04525,Turner Group,82854.1599999998
V03693,"Espinoza, Wells and Stewart",81206.01
V01522,Daniels and Sons,81109.48
V04518,Clark-Arroyo,80531.73999999987
V04133,"Peterson, Nelson and Travis",78907.46000000002
V01068,Thompson-Joyce,78645.69999999998
V04805,Sullivan and Sons,78365.45
V01705,Williams Group,76185.54999999958
V02906,Rice Ltd,75737.87999999989
V01480,Martinez and Sons,70885.23999999999
V01028,Reed LLC,70681.04999999981
V01741,"Hodge, Mckinney and Nelson",70224.15000000037
V03295,Nelson-Jackson,66277.22
V04391,Maxwell Inc,64912.05999999901
V02752,Fitzgerald-Allen,63188.27000000025
V01689,Tate LLC,62383.7799999991
V02741,Hendricks Inc,60131.169999999925
V02348,"Gallegos, Myers and Cook",59587.219999999994
V04858,Gibson Ltd,58734.840000000084
V02281,Martin-Mcdonald,57175.200000000004
V00063,Wright and Sons,56766.479999999996
V01967,"Whitehead, Lane and Tran",55801.7999999997
V03747,Daniel Inc,55452.59999999998
V01323,Jackson-Edwards,54148.840000000084
V00779,Alexander-Jordan,50703.12000000104
V03214,Solis PLC,50361.39999999991
V04379,Navarro Inc,50140.419999999984
V01626,"Williams, Jackson and Campbell",50042.96000000001
V03508,Lopez-Jordan,49708.62000000011
V02375,"Adams, Hernandez and Vaughn",48196.100000000006
V02795,Schultz Inc,46667.6399999999
V02667,Clark-Williams,43605.71999999997
V02919,"Keith, Cervantes and Torres",42982.15000000014
V04564,"Stephens, Stone and Johnston",39487.8400000002
V03777,Booth-Smith,38776.3600000001
V01332,Hess PLC,37163.62999999971
V00122,Johnson-Carlson,36890.159999999974
V02527,"Coleman, Jones and Wright",36323.84
V00069,Russell Group,36094.869999999995
V03682,Williams Group,33703.67999999999
V01082,"Washington, Lynch and Johnson",33063.16
V01144,Welch-Thompson,32808.13
V03944,"Jones, Tran and Nichols",32646.320000000065
V03223,johnson ltd,29043.360000000044
V00913,Lewis-Livingston,26831.75
V02175,Knight PLC,25867.250000000015
V02922,Blair Inc,25483.23
V00754,Peterson PLC,24652.539999999994
V01625,"Barnett, Bennett and Escobar",24114.840000000004
V01419,"Frye, Walter and Li",22815.880000000005
V02057,Perry-Peters,22629.0
V03838,Martinez and Sons,22540.100000000442
V01433,Moss LLC,21116.809999999998
V03001,"Dawson, Snow and Malone",20542.040000000008
V03479,Tran Inc,19963.24000000002
V03165,Parrish Ltd,19742.14
V01525,"Wright, Wise and Ramos",17589.360000000102
V04152,"Mckee, Fisher and Long",17071.56000000052
V00168,Johnson-Rogers,16266.240000000002
V04102,Martinez-Bailey,15648.149999999994
V00591,"Williams, Castillo and Warren",15130.779999999999
V01314,Lee-White,14753.830000000075
V01615,Hanson-Alexander,14163.459999999963
V01261,"Edwards, Arnold and Smith",11553.849999999984
V04469,Wright-Bennett,11549.290000000008
V02241,Richardson-Long,10886.399999999994
V04504,Lewis-Herrera,10702.720000000001
V02643,"Warren, Gibson and Wood",9289.720000000001
V03081,Grant-Rosario,7336.039999999999
V02359,Barber-Harrison,7292.76
V04351,Alvarez-Padilla,6587.65000000014
V02885,Guzman and Sons,6141.7200000000885
V02245,Gonzalez-Haynes,3242.680000000022
V01988,Schmidt-Phillips,987.5
V01783,Allen-Sanchez,-491.9400000000005
V02990,"Smith, Arnold and Atkins",-2469.600000000006
V04591,Wells PLC,-3833.5199999999895
V00610,Blevins-Ballard,-5190.389999999956
V01964,Ellis-Jackson,-5582.199999999997
V03107,Delgado-Sullivan,-8069.220000000001
V02277,Stewart Group,-10332.66
V02425,"Fox, Chapman and Stone",-11255.280000000002
V04107,Parsons and Sons,-11378.559999999707
V03864,scott-johnson,-11613.750000000015
V02409,"Peterson, Reid and Johnson",-14643.060000000056
V04970,Franco-Stuart,-14838.619999999995
V03008,"Mata, Martin and Christensen",-17522.320000000007
V03124,Willis-Christian,-19855.920000000042
V02635,"Berry, Myers and James",-20968.020000000004
V04670,Reilly-Gibson,-21282.659999999974
V02061,"Singh, Walker and Moody",-21997.29
V00840,Miller Inc,-22059.859999999986
V02356,"Brown, Orozco and Butler",-22444.0
V00175,Ramirez-Bean,-23743.94
V00444,Collins Group,-25135.179999999993
V01317,King and Sons,-30590.490000000005
V02750,Hicks-Burns,-30834.720000000016
V04473,Griffin Group,-32378.709999999963
V04768,Stephenson Group,-33421.06999999983
V02194,Washington-Esparza,-37146.48000000001
V04734,"Flowers, Berry and Ramirez",-37910.20000000001
V02611,Johnson-Gonzalez,-47081.76000000001
V00769,Smith-Gutierrez,-48599.52000000008
V01282,"blackwell, james and hogan",-50513.16000000003
V03312,Hester-Parrish,-51071.799999998766
V01027,Rivera Inc,-52414.7
V00409,Jackson-Meza,-52560.20000000007
V02146,"Dalton, Turner and Mccarthy",-54624.95999999996
V04093,Gardner-Wilson,-57384.72
V04430,Kramer Group,-59272.919999999925
V02939,Evans-Carter,-63972.149999999994
V04986,Le-Coleman,-64872.09000000001
V03051,Smith and Sons,-67011.0
V01876,Douglas-Yoder,-68601.12
V04771,Fitzpatrick Group,-69501.90000000002
V03707,"Miranda, Rivera and Ingram",-73555.00000000003
V03478,"Franklin, Gray and Sutton",-76605.20000000007
V03468,"Strong, Warner and Cannon",-76835.18
V01688,"Salazar, Moore and Pierce",-77286.04999999993
V00358,"Williams, Logan and Camacho",-81828.91999999998
V02306,Price Group,-81861.78
V04866,"Phelps, Montoya and Barnett",-83681.87999999989
V03514,"Goodwin, Aguirre and Tran",-84873.59999999963
V01604,Baker-Ross,-86192.48000000056
V01152,"Lee, Rhodes and Sims",-88566.94
V03361,Roberts-Montes,-94562.5
V00362,Lam LLC,-94655.01000000059
V02405,"Sullivan, Gonzalez and Turner",-98012.95999999996
V00960,Bates-Anderson,-100554.12000000001
V02719,"Rivera, Allen and Ryan",-101311.38999999972
V04968,"Brown, Gibson and Turner",-104101.83000000015
V03168,Miller-Russo,-104675.12
V01746,Gentry Group,-107524.94999999972
V02559,Davidson and Sons,-108761.25
V04078,"Gonzalez, Robinson and Anderson",-109043.43
V04837,Pineda-Clark,-109834.67999999993
V00739,Walsh Ltd,-110122.09999999998
V00683,"Holder, Young and Hendricks",-110486.12000000011
V01701,"Grant, Bryan and Williams",-111277.76000000001
V00034,Frazier Inc,-113005.88999999966
V02694,Mcmillan-Martinez,-114105.18
V03228,Barber Group,-115259.8999999999
V00366,"Wilson, Pena and Rich",-118731.0
V04389,Sanchez and Sons,-119703.79999999999
V01851,Young-Alexander,-122412.06
V00673,Nunez-Stephens,-123027.5199999999
V01074,Miller PLC,-126615.3600000001
V00250,Ruiz Ltd,-128503.76000000001
V01287,Flores Inc,-129984.38000000012
V04322,richardson inc,-134951.04999999935
V03298,"Barron, Church and Gutierrez",-138347.83000000002
V00299,"Sparks, Jackson and Miller",-138687.83999999997
V02329,Edwards-Ramsey,-141176.40000000002
V01015,"Stark, Schroeder and Mathis",-142692.95999999996
V04196,Heath-Andersen,-142810.5
V04066,Rivera Group,-142871.8000000005
V00526,Hayes Ltd,-147196.0300000005
V04263,Rodgers-Warren,-147954.24000000022
V04645,Mejia Inc,-151742.49999999994
V02790,Johnson Inc,-156810.63999999966
V04657,Lee-Rogers,-163202.82000000007
V00307,Castaneda-Rodriguez,-166223.53999999975
V01240,Taylor PLC,-174345.24000000022
V02925,Hayden Group,-177696.0
V04357,Beck and Sons,-179168.9600000009
V04571,Bowman Group,-179434.07999999996
V03273,Lang Group,-183293.87999999995
V01692,Barnes LLC,-188329.76000000004
V04302,Bell and Sons,-189012.04
V00943,Cline-Ayala,-192805.89999999944
V00158,"Miller, Hernandez and Reyes",-193980.02000000002
V00647,Richardson-Walker,-199695.43999999994
V02796,"Nguyen, Wallace and Lawson",-199745.69999999995
V00770,Hardy PLC,-200631.41999999993
V03662,"Ferguson, Sanchez and Smith",-202245.9599999999
V01621,Cole-Johnson,-205067.78999999992
V04002,Andrews-Hoffman,-205417.76000000007
V04967,Hammond-Kennedy,-206214.27000000002
V01112,Marquez-Fletcher,-206385.90000000002
V04060,Barnes and Sons,-209036.52999999997
V03517,"Green, Horne and Mcdonald",-215424.36
V00101,Figueroa PLC,-216886.6000000001
V03079,"Robinson, Miller and Ward",-219239.7999999998
V04586,Scott Group,-220339.44000000003
V03269,Hoffman Ltd,-220942.12000000017
V04110,Ryan-Steele,-220998.50000000012
V01341,Knight PLC,-221240.30000000005
V02056,Davis-Ortiz,-223859.12
V02550,Hardy-Wallace,-228543.51
V01787,Stephens-Young,-229999.0
V02221,Fowler-Haynes,-230710.2000000002
V02630,Morgan-Barnes,-232607.68999999977
V03359,"Miles, Flowers and Martinez",-234372.6000000001
V02614,Lee-Munoz,-234530.0
V01128,Knox-Powers,-236956.22999999998
V00903,Abbott Ltd,-238685.18999999997
V01193,"Brown, Dunlap and Moore",-238758.63000000012
V01985,Clarke LLC,-244216.43
V02546,Gibson LLC,-247316.94000000003
V02716,Stewart-Buchanan,-249782.65000000002
V04188,Perry-Arnold,-251204.28000000003
V03565,Ortiz PLC,-252106.39000000004
V01111,"Owen, Walker and Franklin",-252633.05999999997
V02126,Morgan PLC,-253868.28000000026
V02688,Fisher Inc,-257480.09999999986
V02573,Gonzalez and Sons,-261012.9500000003
V01295,Bauer PLC,-261061.64000000013
V01146,Johnston and Sons,-267266.25
V04674,Edwards-Taylor,-268093.98
V01941,Montgomery PLC,-268227.55000000016
V03327,Patel LLC,-268961.0
V02016,"Wilkinson, Wallace and Torres",-269086.32000000007
V04850,Solomon-Le,-273230.87999999995
V03394,Wheeler-Short,-273289.39999999997
V02197,Clarke-Ramirez,-277089.9199999999
V01738,Morgan Group,-277113.5499999996
V03502,"Alexander, Duran and Benton",-278999.38
V03452,"Carey, Mason and Kelly",-280382.88
V04664,White-Holland,-282197.20000000007
V00550,Miller Ltd,-288521.4600000001
V03874,Duncan and Sons,-288931.62
V00786,Vargas PLC,-291506.45999999996
V03477,Ayala and Sons,-291891.59999999986
V00023,Perez Inc,-292089.17000000004
V00218,Erickson and Sons,-294131.44999999995
V03167,Thomas LLC,-299338.4199999999
V00202,White-Lewis,-303444.95999999996
V03274,Mooney Group,-311972.58
V01678,"Ellison, Vaughn and Mckee",-315816.83999999997
V02736,Blake LLC,-316932.77000000014
V00948,Oconnor PLC,-318411.2800000001
V00112,"Shields, Cochran and Adams",-319140.36
V03111,Allen and Sons,-322734.95999999973
V02765,Conrad Group,-324479.1300000001
V02213,Ferguson-Lyons,-330758.02
V04537,Simon and Sons,-338257.18000000005
V02316,Rhodes-Holland,-341806.69999999995
V02266,"Mckinney, Pacheco and Smith",-345160.7999999998
V04703,"Vega, Jackson and Powell",-345770.48
V00004,Davis and Sons,-346577.20999999973
V00937,Tran Ltd,-349767.09999999986
V02676,Jackson Inc,-351540.08999999997
V04338,White-Ramos,-352287.5600000001
V00268,Jimenez Ltd,-353137.4000000004
V03505,Brown PLC,-353383.63999999996
V04456,elliott-zamora,-355583.0399999989
V03802,Hughes LLC,-355753.7200000001
V00332,"Turner, Ortiz and Taylor",-362201.5599999996
V01335,"Kennedy, Rowe and Diaz",-363124.1000000001
V00022,"Watts, Robinson and Nguyen",-366919.9200000003
V03163,Brown-Stokes,-370121.1000000001
V04033,Fernandez Inc,-370929.64000000013
V01070,Henderson Ltd,-372977.79999999935
V04455,Li and Sons,-373609.3499999996
V03841,"Hoover, Carroll and Williams",-376536.0000000001
V02799,Hatfield-Vincent,-379499.52000000025
V04842,"Levy, Bowers and Huffman",-386585.46
V02446,"Murray, Cole and Cole",-386952.56
V01229,"Morgan, Sherman and Williams",-387117.43000000017
V01061,"Gutierrez, Avila and Perez",-387239.93999999994
V01060,"Contreras, Miller and Cooper",-388879.44
V04162,"Ritter, Baker and Leon",-396454.5999999996
V04538,Brown Ltd,-397363.68000000017
V00469,Brown-Shaw,-399868.1000000001
V00844,Dunn-Wilson,-400457.8500000001
V04924,"Fischer, Durham and Miller",-401451.27
V02081,Mccall-Martin,-401887.19999999995
V03299,Barnett-Boyd,-403080.57000000007
V03296,Silva Inc,-404594.04999999993
V02751,"Richardson, Brown and Cruz",-406556.41
V04355,"Ortiz, Hoffman and Fuller",-407119.30000000005
V00166,Medina-Navarro,-408568.44999999995
V01194,pruitt-webb,-409043.82000000007
V04662,"Thompson, Hardy and Walter",-410677.76
V00074,"Stanley, Tucker and Lee",-411131.30000000005
V03174,Sheppard Group,-411347.2800000005
V03304,"Holland, Foley and Neal",-414041.68999999994
V03068,Briggs-Wilson,-415583.52
V03339,Wheeler Group,-417219.6000000001
V04348,Harris-Hernandez,-418690.8000000003
V04192,Lara-Baker,-428264.2799999999
V02640,Johnson Ltd,-431151.6300000001
V04761,Jones-Rivera,-431600.9400000002
V01030,"Santiago, Daniel and Rogers",-431701.94999999995
V00228,"Duran, Obrien and Gibbs",-433134.7499999999
V02876,"Scott, Mullins and Miller",-433637.70999999996
V03345,Chavez-Navarro,-434058.4299999997
V04384,Anderson-Reed,-434103.71
V02207,Young Inc,-434861.77
V03850,Berry-Lewis,-435842.2400000001
V04515,"Hall, Zamora and Bridges",-436978.8899999999
V01542,Quinn-Smith,-437899.84
V02288,"Macdonald, Willis and Silva",-449943.3799999999
V03567,Yoder Group,-453482.18000000005
V04185,"Lucero, Sanchez and Perez",-454035.12
V03486,"Bradley, Ritter and Smith",-455707.19999999995
V03423,Bell Ltd,-457676.9400000003
V02201,Lester Group,-460759.59999999986
V02416,"Zhang, Cunningham and Kline",-462285.62
V01129,"Evans, Jackson and Sandoval",-463366.39999999997
V01219,Velasquez Group,-473992.64999999997
V03410,"Allen, Hunt and Lyons",-475161.59999999986
V04332,"Mueller, Cox and Ford",-480928.68000000087
V03883,Bradshaw and Sons,-481407.2799999999
V02850,Howe Inc,-482679.9599999995
V03264,Thomas-Edwards,-488338.1699999999
V03139,Ramirez LLC,-489021.9600000002
V02927,"Jennings, Rhodes and Patel",-489297.60000000015
V00521,Johnson and Sons,-496894.1999999997
V04487,Cooper-Jones,-501490.52000000025
V02487,"Pittman, Campbell and Martin",-502407.1199999999
V03697,Rivera-Brown,-502920.82000000053
V02905,Chapman-Roman,-506005.76
V02575,Morgan PLC,-511195.7100000004
V04555,"Daniels, Ward and Reynolds",-511302.18999999994
V00132,Spencer-Lee,-518229.13000000024
V02127,Martinez-Massey,-519430.7200000001
V00180,Howell and Sons,-520164.80000000075
V02517,"Byrd, Mendez and Becker",-520669.7100000004
V00378,Bell-Lane,-525898.8
V02659,"Quinn, Ellis and Bartlett",-534209.0100000001
V02110,Nunez-Rodriguez,-534414.2600000005
V01114,Stevens-Robinson,-535010.1
V01001,"Howard, Silva and Hall",-535025.5999999994
V04081,Wright LLC,-535382.4000000004
V01911,Levy-Smith,-536358.05
V00091,"Turner, Riggs and Roman",-536510.9099999997
V02112,"Perez, Rodriguez and Rollins",-545870.0
V03227,Phillips PLC,-546854.1599999998
V01162,"Wagner, Martinez and Dawson",-549460.09
V03857,Davis-Walker,-550433.9199999999
V00513,"Sullivan, Palmer and Brady",-554490.6100000001
V04076,Krueger-Barnett,-557355.9000000001
V02858,Hancock-Santos,-560699.0800000001
V01218,"Powers, Clements and Cox",-561623.04
V03347,Carey LLC,-565317.7500000001
V00269,Hicks-Hill,-566647.7899999997
V04512,"Fitzpatrick, Harris and Wolf",-572467.3799999998
V03121,Russell-Figueroa,-574293.72
V04402,"Lee, Roth and Erickson",-574992.53
V00812,"Wilson, Sweeney and Wong",-576690.0
V01309,"Thomas, Williams and Armstrong",-577767.8500000003
V03286,Cameron PLC,-578982.2699999999
V00338,Bass PLC,-580033.0800000001
V02855,Turner-Carlson,-582465.4700000007
V04073,"Alexander, Vincent and Pacheco",-589164.38
V02542,"Walton, Hall and Greene",-593794.8000000003
V03157,Gonzalez-Murphy,-593868.0800000001
V00305,"Evans, Hayden and Vaughn",-595281.72
V03831,Richardson-Small,-601653.6399999997
V02964,Anderson-Rosario,-604326.21
V00790,Fuentes Group,-604881.0999999999
V00675,Hill Ltd,-607285.56
V03409,Thomas Ltd,-608778.0700000003
V02039,Griffin Inc,-610710.77
V00935,Williams LLC,-621088.1200000001
V04382,Terry-Rogers,-621614.1599999999
V00805,"Hernandez, Cuevas and Webb",-624215.9199999997
V02853,"Morgan, Hamilton and Hernandez",-624832.2499999998
V04906,Montes Group,-626443.0399999996
V03275,Martinez and Sons,-647944.8
V02297,"Castillo, Fuller and Adams",-649436.2100000001
V02445,"Bass, Anderson and Taylor",-669246.5999999999
V04861,Lawrence-Hanna,-670006.7500000001
V02822,Boone Group,-671111.2300000001
V02753,Dorsey LLC,-675218.4299999999
V03445,Cervantes-Stokes,-675942.53
V01253,Vega-Thomas,-682527.4700000001
V03042,Thomas-Burton,-688988.56
V02911,Woods-Anderson,-693048.2899999995
V04238,Rodriguez-Vega,-695562.09
V01273,"Turner, Tyler and Pierce",-704927.35
V01339,Bates PLC,-707745.5999999999
V00090,Moore-Bass,-707825.3800000001
V04744,Ballard and Sons,-710759.7999999998
V03525,Ford-Gonzales,-722963.2399999998
V02033,"Cantrell, Rivera and Thornton",-725389.0
V02103,Wyatt Ltd,-726225.5
V00436,Cox LLC,-734870.869999998
V00033,"Ferrell, Rice and Maddox",-739525.6
V01512,Flores and Sons,-740407.3999999999
V02150,Alvarez-Dickerson,-740925.48
V04174,Stout-Graves,-742630.7200000001
V01889,Baldwin-Garcia,-744367.0800000003
V00344,Davis-Lewis,-754761.7799999984
V02916,"Franklin, Mann and White",-755940.8999999999
V03908,Gonzales Ltd,-764607.9000000001
V04129,Warren-Ingram,-767354.6900000001
V01843,Smith-Rodriguez,-777531.3
V02390,"Fisher, Perez and Pham",-779292.9000000001
V04580,Duffy-Stanley,-783656.2999999999
V02818,Peterson PLC,-786574.4699999995
V00290,"James, Stewart and Higgins",-786986.03
V03103,Boyd and Sons,-787937.76
V01233,Tran Group,-794299.7100000002
V02082,Moore and Sons,-796800.0
V04264,Hicks Ltd,-799603.3399999999
V00434,"Miller, Lucas and Williams",-807680.3499999999
V01239,Waller-Chavez,-813547.3500000001
V04182,Key-Ramos,-820095.8700000001
V02193,Sanchez LLC,-821348.1000000003
V03928,Scott-Perez,-825253.52
V00368,Gutierrez Group,-826108.68
V03616,"Vincent, Curry and Smith",-826225.4000000001
V01795,"Berger, Fields and Smith",-827288.1600000001
V04604,Gonzalez Group,-832298.0599999999
V00763,Smith LLC,-837936.9700000001
V01398,"Mann, Martin and Oconnell",-838728.7799999998
V02212,King-Lawrence,-838817.45
V03309,"Palmer, Edwards and Blackburn",-839074.2000000002
V04640,Mendez-Tyler,-840586.9200000009
V01333,Hammond-Lewis,-842595.1099999999
V03453,"Castaneda, Solis and Gonzales",-845730.1399999999
V00046,Spence PLC,-847063.6100000001
V03006,"Brown, Compton and Lee",-853417.5
V02229,Love-Mcdowell,-861717.3999999999
V00611,Williams-Moses,-865808.3999999994
V00026,Wilkerson-Day,-869441.8500000002
V03887,Jenkins-Fields,-878589.1500000001
V02034,Kemp-Montes,-879847.2
V03455,"Evans, Wilson and Hall",-882679.15
V03573,"Sellers, Strong and Gomez",-886678.0900000001
V00732,"Hernandez, Lee and Fox",-888858.6399999997
V02435,Williams-Hernandez,-890148.5999999999
V04577,Johnson Inc,-890551.1399999999
V01920,Hoover-Davis,-892195.9199999999
V00819,Smith-Lewis,-904844.26
V01755,Garcia Ltd,-908463.96
V03522,"Hill, Adams and King",-911032.5
V01294,Miller Inc,-916567.2699999993
V02685,Williams-Smith,-929009.0399999999
V01344,Brown LLC,-931623.6499999999
V00741,"Mueller, Knight and Hodge",-932375.5399999999
V00350,"Smith, Garrison and Thomas",-933341.7400000002
V04589,Avery-Cohen,-936844.12
V04259,Stevenson-Ferguson,-940251.1299999992
V00297,Howard-Jordan,-944923.68
V03071,Saunders LLC,-947026.0800000001
V02429,Thomas and Sons,-947832.4800000002
V01929,"Wood, Martin and Sanchez",-960047.66
V02745,Parker-Archer,-967144.2
V00316,"Lucas, Parker and Alexander",-969160.3600000001
V03297,Flores and Sons,-971629.56
V01728,Peterson-Ramsey,-973973.7100000001
V00142,Riggs PLC,-976248.75
V00640,Boyle-Smith,-976504.05
V00256,"Johnson, Miller and King",-977967.0599999998
V01872,Brown PLC,-978865.9199999999
V00994,"Wright, Mcknight and Stephens",-980524.1900000002
V03629,"Jenkins, Young and Carter",-983023.3400000001
V03611,"Johnson, Walters and Smith",-984523.44
V04411,"Phillips, Gutierrez and Davidson",-996208.8999999997
V02586,"Brooks, Greene and Rowland",-1002311.8999999998
V00692,Atkinson LLC,-1005797.4200000002
V01782,Patel-Morales,-1011964.2000000002
V03971,Lee Inc,-1012096.1500000001
V00632,"Mcdonald, Lee and Rodriguez",-1013443.28
V00050,"Harris, Collins and Carney",-1022432.5499999998
V03215,Anderson-Fields,-1023102.5
V04655,"Palmer, Edwards and Bullock",-1032431.3899999999
V01945,Thompson-Santiago,-1038958.0
V01708,"Thompson, Gibson and Riley",-1044054.1800000002
V04558,Preston LLC,-1045593.5
V03968,"Ruiz, Martin and Jones",-1046289.3600000001
V01094,Nicholson-Robertson,-1046676.9200000003
V03030,Moore-Hall,-1047221.28
V04844,"Henderson, Edwards and Sexton",-1047911.5499999991
V03632,Lamb-Coleman,-1049658.38
V00222,Harrison-Alexander,-1055891.1999999993
V00832,Lopez-Reid,-1058077.08
V00646,"Carrillo, Vaughn and Fowler",-1071518.0700000003
V01177,Kelley and Sons,-1078183.9200000002
V04311,Sutton Inc,-1090057.94
V01905,"Lee, Dominguez and Mosley",-1092428.47
V00389,Bennett Group,-1107988.7400000002
V01671,"Liu, Buchanan and Meyer",-1110427.35
V00205,Miller Ltd,-1118262.5999999999
V01266,Cole-Lucero,-1127434.5599999998
V03653,Jones PLC,-1128912.6500000001
V00615,Gilbert PLC,-1129368.05
V04984,Bradley-Smith,-1131629.31
V01493,"Ryan, Garza and Bryant",-1143034.6800000002
V01518,Collins-Lloyd,-1144511.5399999996
V03435,"Flynn, Garcia and Gilmore",-1150362.2800000005
V03538,"Wallace, Dixon and Young",-1152389.6999999997
V04432,"Whitehead, Hernandez and Shah",-1153765.81
V03533,Cohen Group,-1155111.4200000002
V03430,"Bailey, Williamson and Powell",-1160131.45
V00087,"Ferrell, Jones and Lewis",-1164880.39
V03301,Bray-Morris,-1171546.6499999994
V03224,"Knapp, Miller and Reyes",-1178810.8599999994
V01033,Williams Group,-1185965.1
V02136,Jimenez Inc,-1196156.1599999997
V00710,Edwards-Williams,-1196596.679999999
V03999,Rodriguez-Taylor,-1205344.88
V02031,Gould LLC,-1208564.84
V01383,Kent Inc,-1212286.66
V02162,Murray Group,-1227396.7999999998
V04116,English-Mcdonald,-1228370.6999999995
V00511,Mendez-Graham,-1241424.3000000003
V03649,Hall Ltd,-1246598.87
V03688,"Santos, Thomas and Mills",-1250346.6
V03814,Hughes-Nicholson,-1250462.69
V00282,Hughes-Alvarado,-1257614.9599999995
V01377,Winters PLC,-1265364.2
V04723,"Pena, Mueller and Mckay",-1265679.7999999998
V02588,"Lopez, Nichols and Clarke",-1266735.1900000002
V03658,"Johnson, Hill and Harris",-1273517.1800000004
V03636,Herrera Ltd,-1275584.7599999998
V02482,Medina Group,-1275655.2500000005
V00936,Mora-White,-1281530.1400000001
V02411,"Henderson, Wagner and Dennis",-1286538.6900000004
V01293,"Parks, Johnson and Love",-1295005.44
V02047,Hughes-Smith,-1299849.8400000005
V00258,"Bryan, Smith and Booth",-1300029.7799999998
V03459,Jones-Johnston,-1306934.0
V04905,"Peck, Wong and Perry",-1315593.4699999997
V04053,"Schneider, Price and Ruiz",-1316085.16
V01141,ortiz-hudson,-1319650.1999999997
V02737,"Medina, Tran and Thompson",-1322912.8
V01249,Rich-Henderson,-1333245.3
V01569,Lee Ltd,-1333711.6800000002
V00894,Bishop and Sons,-1347975.7799999998
V03253,Hayden-Garcia,-1363174.0800000003
V02451,Mann PLC,-1363875.72
V01589,"Ross, Hardin and Navarro",-1364212.92
V03237,"Jones, Mcdaniel and Brooks",-1364778.5699999996
V04818,Underwood and Sons,-1377498.8399999999
V01288,Jackson PLC,-1378734.0
V04702,Thomas-Jones,-1379511.7199999997
V01713,Neal LLC,-1392159.6300000001
V04726,"Marquez, Jones and Garcia",-1394972.3700000003
V00826,Bruce-Williamson,-1399173.7
V00757,Kelly Group,-1403476.5999999992
V03105,Carson PLC,-1415294.5999999999
V03571,Bass Inc,-1418518.5000000005
V00862,Burns-Ray,-1424730.24
V02691,"Jackson, Jackson and Perry",-1430313.44
V03262,Gibbs-Howard,-1439124.2
V03689,Lang Ltd,-1447196.64
V04478,"Woods, Thomas and Decker",-1458620.8200000003
V04282,Williams-Wang,-1460427.7000000002
V01854,Jackson Group,-1467873.7500000005
V04808,Castaneda-Garcia,-1469035.59
V04301,Peterson LLC,-1480729.6
V04458,Hanson Inc,-1483019.6500000004
V01201,"Saunders, Ray and Cunningham",-1484408.0
V04305,"Griffith, Johnson and Alexander",-1508483.8000000003
V02498,"woodard, warner and farmer",-1530314.1599999997
V00873,Kramer-Shannon,-1544841.8400000003
V03967,Freeman LLC,-1548291.0
V02901,Melton and Sons,-1555002.87
V00911,Best-Townsend,-1566831.2599999998
V01590,"Nguyen, Olson and Freeman",-1570310.29
V02216,Cox Ltd,-1573408.1399999997
V00149,Bryant Group,-1574824.3200000003
V02233,"Johnson, Williams and May",-1588651.9000000001
V03979,"Larson, Butler and Barber",-1593817.2
V04710,"Reed, James and Henry",-1600840.6
V01585,"Short, Ellison and Dixon",-1603069.1900000002
V03815,Green Group,-1603724.8500000006
V02424,Lewis-Miller,-1611574.08
V01472,Davidson LLC,-1612317.6
V04838,Douglas-Diaz,-1619935.4100000001
V03980,Cantu Group,-1620526.4300000004
V00958,"Miller, Davis and Anderson",-1622484.39
V00123,Chandler-Edwards,-1630180.0399999996
V01539,"Brown, Kelly and Moore",-1638353.75
V02954,Martin-Gomez,-1644879.1800000002
V03886,"Solomon, Reyes and Delgado",-1649384.7999999998
V03599,"Simmons, Wallace and Martinez",-1657184.5999999994
V01984,Sawyer Group,-1659303.0199999998
V03709,"Barnett, Kennedy and Jackson",-1671302.4000000001
V00990,Holland Group,-1675692.13
V02728,Thompson-Wright,-1688101.9899999998
V00563,Dougherty-Lin,-1705171.8999999997
V00559,Gross-Valencia,-1707236.4400000002
V03873,Foster and Sons,-1715429.3399999987
V02655,"Davis, Lucas and Ellison",-1718624.25
V02147,Jordan-Edwards,-1726939.1
V01972,Riley-Snow,-1728784.2000000004
V00738,Gray-Tran,-1734973.7900000007
V03884,Roberts-Patel,-1742464.9600000004
V00756,Bowers-Hayes,-1746775.1
V03437,Brown LLC,-1758075.0200000005
V00776,"Weber, Wheeler and Gonzalez",-1758304.28
V01584,Foley Inc,-1761591.9500000004
V01452,Ramirez-White,-1765582.08
V02067,"Castillo, Graham and Scott",-1766798.62
V01443,Ayers-Johnson,-1773092.02
V02910,"Faulkner, Schmidt and Wheeler",-1774242.4100000004
V04622,Harris LLC,-1776900.0799999998
V04088,Petty Inc,-1776966.7
V04610,Yang PLC,-1793617.789999999
V03891,Jackson Ltd,-1811760.7199999993
V01973,"Shah, Mcintyre and Villanueva",-1825006.99
V04111,"Jackson, Moore and Becker",-1834372.5999999999
V00901,Wright PLC,-1836463.4100000001
V03082,Brown LLC,-1844349.5500000003
V04752,Smith and Sons,-1848521.15
V04841,Lopez-Jimenez,-1849304.0399999998
V04260,Rasmussen Group,-1853058.4799999997
V01665,Newton and Sons,-1854262.2000000002
V00820,Goodwin-Stokes,-1863224.2999999998
V02215,Vega-Richmond,-1873863.6
V03330,"Adams, Harris and Floyd",-1876818.8700000006
V00266,Gay Inc,-1878185.6800000002
V01246,"morris, wilson and bell",-1888995.45
V04650,"Lawrence, Castro and Fleming",-1907069.4300000002
V03541,Johnson PLC,-1918108.7499999993
V04294,Perez Group,-1933356.03
V03061,Moreno-Greene,-1933473.92
V03158,Peterson-Munoz,-1936993.2400000005
V01788,"Caldwell, Stevenson and Joseph",-1939341.5799999996
V04588,Barker-Oliver,-1975301.7699999996
V01509,White LLC,-1975847.94
V03097,"Dominguez, Mitchell and Moore",-1985722.7199999995
V02273,Porter LLC,-1987947.2399999993
V03672,Brown Group,-1990593.0799999998
V01460,King-Garrison,-1991525.2799999993
V02152,Jensen-Gomez,-1994486.1600000006
V04542,Mckinney-Higgins,-1994793.4500000002
V04540,Gutierrez-Dudley,-2002363.560000001
V01465,Cooper-Jenkins,-2014297.689999999
V01825,Bush-Wilson,-2033188.46
V02269,Carpenter LLC,-2043507.8999999997
V02414,West PLC,-2048095.3200000003
V03026,"Rodriguez, Reese and Reyes",-2055743.3199999991
V02075,Duran PLC,-2063746.8900000008
V04489,"Clarke, Neal and Kelley",-2069764.6199999999
V02295,Hood and Sons,-2079404.2100000007
V04128,Smith-Wilson,-2084477.2
V02898,Sutton Group,-2088936.1600000001
V02345,Martin and Sons,-2093912.0999999999
V00527,osborn-cochran,-2096992.8000000007
V00925,"Smith, Crawford and Reed",-2097316.52
V01578,"Jordan, Swanson and Franklin",-2100145.2699999996
V02337,"Li, Jensen and Vazquez",-2134433.8000000003
V03705,Baker Inc,-2139080.0500000003
V04346,Smith Inc,-2160152.5
V04696,Hernandez-Beasley,-2166631.1999999993
V01192,Wilson Ltd,-2175229.14
V01297,Russell-Hayes,-2179638.4399999995
V02172,Davies-Morales,-2181960.88
V03791,Alvarado Inc,-2183972.82
V00477,Scott and Sons,-2196457.7399999993
V02481,Fernandez-Jackson,-2201524.0799999996
V01085,Vaughn-Williams,-2235291.2399999998
V02662,Hill Ltd,-2249053.6799999997
V02271,Anderson-Stewart,-2258471.46
V04246,Brown-Haas,-2263078.5300000003
V01735,"Stewart, Herrera and Clark",-2264285.23
V02097,"Palmer, Brown and Wilson",-2267955.2
V01980,Holland Inc,-2283847.21
V00522,Holmes-Mcintyre,-2318363.3599999994
V00343,Lopez-Martinez,-2320267.04
V03675,"George, Savage and Adams",-2326348.5000000005
V00020,"Reid, Ferguson and Sanchez",-2333518.75
V03963,Murphy Group,-2340878.8499999996
V03745,"Powell, Monroe and Caldwell",-2352359.57
V03134,Rubio PLC,-2368555.31
V04621,"Lopez, Gutierrez and Castro",-2381431.5
V03243,"Smith, Boyd and Scott",-2395107.3599999994
V01552,"Brown, Coffey and Fuentes",-2402172.5999999996
V03041,"michael, anderson and carrillo",-2414113.24
V00866,Gibson-Freeman,-2426867.3000000007
V03368,"Flowers, Williams and Taylor",-2436079.0999999996
V00959,Jones-Bradley,-2437513.8799999994
V04386,Miller-Cole,-2439761.31
V00560,Anderson-Wood,-2452264.48
V00173,White-Green,-2452446.0800000015
V01559,Duncan Group,-2458318.6
V01169,"Jennings, Smith and Fisher",-2466172.83
V03077,"Underwood, Cruz and Carpenter",-2475480.42
V01999,Flores LLC,-2500953.4600000004
V01409,Allen-Smith,-2503401.5999999996
V01877,"Pratt, Lopez and Rodriguez",-2527725.5999999996
V03895,Ellis Ltd,-2528539.9499999997
V03621,"Best, Humphrey and Pittman",-2530084.5899999994
V00785,Diaz-Frederick,-2535708.4699999997
V00183,Jackson-Lawson,-2551529.8899999997
V01352,Kaufman-Walker,-2578978.44
V01880,Hammond-Schwartz,-2582754.659999999
V02472,"Willis, Vasquez and Goodwin",-2588653.54
V04760,"Arnold, Williams and Jarvis",-2591903.4899999998
V04232,Nichols LLC,-2593315.5600000005
V00882,Williams Ltd,-2605107.0599999996
V02951,Ruiz LLC,-2626600.759999999
V02758,"Dawson, Cruz and Mccarthy",-2635133.64
V02917,Lindsey-Shaw,-2644073.0500000007
V02041,"Fox, Harrington and Wang",-2657739.66
V04045,"Howard, Cowan and Perry",-2661424.8
V03797,Davis-Sanchez,-2679015.2300000004
V03364,"Martin, Tucker and Brown",-2679478.4999999995
V00654,"Leach, Harris and Herrera",-2685791.7299999995
V00885,Lewis Inc,-2694401.780000001
V01069,Stokes and Sons,-2700992.2300000004
V00902,"Griffith, Mitchell and Pugh",-2712921.0300000003
V01343,Williams-Juarez,-2728217.36
V04946,Jensen Inc,-2730989.6499999994
V03817,"Flowers, Marshall and Miller",-2749482.9699999997
V02730,Nelson Group,-2779786.2
V02228,Ruiz-Gutierrez,-2801827.9599999995
V04380,James-Conway,-2802811.4400000004
V00569,Levy-Lewis,-2811129.4500000007
V02665,"Martinez, Wood and Campos",-2842778.84
V02397,Orr Inc,-2847126.1999999997
V01075,Arnold-Gates,-2863985.4399999995
V01237,"Andrade, Gordon and Cruz",-2865061.07
V01627,"Williamson, Brown and Pena",-2873149.8400000003
V00538,"Jones, Compton and Day",-2924304.0500000003
V00468,Wilkerson-Arias,-2954241.6
V02115,"Roberts, Bowen and Miller",-2972843.7300000014
V03324,"Snyder, Hamilton and Maldonado",-2975149.0
V02774,Bird-Savage,-2978420.6399999997
V04930,Rush PLC,-2986990.1500000004
V01777,Chavez-Johnson,-3032793.96
V00288,Morgan-Schwartz,-3037333.4000000004
V02123,Wilson Group,-3039859.8800000013
V00198,"Adams, Christian and Rivas",-3073392.4600000028
V04392,Sharp Ltd,-3111521.55
V04178,Baldwin PLC,-3111636.96
V00390,Moore-Collins,-3120519.9699999997
V01727,"Pierce, Wang and Wilson",-3139357.0599999996
V03048,"Adams, Stephens and Smith",-3152564.32
V03865,"Faulkner, Welch and Hoffman",-3154417.6899999995
V01005,"Bradford, Salinas and Kelly",-3173184.0
V00619,Smith PLC,-3184315.7599999993
V04369,Gomez Group,-3184359.2699999996
V02802,"Glover, Moran and Johnson",-3192747.22
V01885,Jones-Krause,-3235379.1399999997
V02571,"Wilson, Roberts and Lee",-3266717.8499999996
V04063,Johnson and Sons,-3279488.7300000004
V04639,Goodman and Sons,-3292022.9700000007
V00771,Armstrong and Sons,-3292818.8300000005
V03966,Garrett-Rodriguez,-3317761.75
V03376,"Collins, Elliott and Shelton",-3351746.33
V00265,Tran Inc,-3370157.5599999996
V01703,Thomas Inc,-3372493.419999999
V03933,"Edwards, Brooks and Grimes",-3415484.8
V04474,"Moore, Wallace and Edwards",-3426527.71
V03397,"Harris, Thomas and Yang",-3431245.9599999995
V01897,Fernandez Inc,-3432069.2
V01863,Scott PLC,-3436249.94
V01732,Moore-Murray,-3476342.36
V02889,Miller-King,-3477814.41
V00813,"Marsh, Spears and Yang",-3487020.62
V04671,"Silva, Hill and Bradley",-3490779.360000001
V04885,Mckay Inc,-3495357.2500000005
V01725,"Shaffer, Lewis and Davidson",-3526324.0
V03494,Deleon-Carter,-3552485.3000000003
V00784,Bennett-Velasquez,-3553212.88
V01029,Fields Inc,-3553993.0900000003
V04823,Moore-Parsons,-3623853.1999999997
V01748,Peterson Group,-3642074.9600000014
V04287,Harding LLC,-3645391.8999999994
V04729,Sanchez Inc,-3651295.2399999998
V00283,"Pollard, Simpson and Johnson",-3697685.53
V00572,"Smith, Rodriguez and Anderson",-3703353.8
V03356,"Thompson, Lozano and Bailey",-3708385.44
V00857,"Adams, Hodge and Duke",-3743331.42
V04168,Sloan Inc,-3763689.5
V00592,"Harvey, Randall and Hernandez",-3791154.3000000003
V04269,Williams Group,-3824247.4399999985
V03513,"Hamilton, Patterson and Daniel",-3911107.5399999996
V02749,Wise-Walton,-3912260.88
V04437,Perez-Tucker,-3915171.0000000005
V02486,"James, Bell and Chen",-3923693.88
V02798,Patterson-Huynh,-3930633.0299999993
V03628,Larsen-Shields,-3943612.999999999
V02965,Martinez LLC,-3998937.5999999996
V01989,Wolfe-Salazar,-4002674.07
V02161,Jackson-Ryan,-4036217.53
V01466,Dillon-Mccarty,-4134802.5200000005
V02981,Rogers Group,-4148953.8999999994
V04925,"Dunn, Ray and Vaughn",-4224050.549999999
V04418,Smith-Garner,-4284893.029999999
V01966,Clarke Ltd,-4298201.960000001
V02707,Reyes-Davidson,-4311886.600000001
V03303,"Miller, Hansen and Salas",-4391111.01
V00453,Harper and Sons,-4408095.84
V00713,"Butler, Hernandez and Rivera",-4470367.069999999
V01681,"Payne, Long and Morris",-4527719.75
V01850,Mullins-Gutierrez,-4527789.91
V04490,Olsen Group,-4580582.419999998
V03585,Evans LLC,-4684284.510000001
V01081,Humphrey-Baker,-4715622.57
V04993,Perez-Bernard,-4738997.880000001
V00420,Thompson Ltd,-4755394.8
V04714,"Newman, George and Patrick",-4821668.54
V03526,Johnson-Howard,-4839945.25
V02025,Williams LLC,-4870507.880000001
V02801,"Lee, Thomas and Meyer",-4892502.02
V02007,Mullen-Jones,-4967500.24
V01820,Perez-Coleman,-4996987.949999999
V01202,"Marks, Stone and Watts",-5042615.82
V02074,"Mayer, Palmer and Miranda",-5083411.239999998
V01577,Kirk-Gutierrez,-5150408.550000001
V04554,Olsen Group,-5203459.470000001
V04245,Bauer Inc,-5280308.82
V01531,"Evans, Ward and Williams",-5318151.66
V01034,"Barnes, Jackson and Gutierrez",-5325181.57
V05000,Scott PLC,-5329127.98
V01586,"Howe, Moore and Johnson",-5420632.94
V04556,"King, Taylor and Middleton",-5425195.52
V00795,"Barnes, Johnson and Schmitt",-5544855.58
V02585,Lee Group,-5618977.739999999
V01785,Peterson Ltd,-5623754.1
V02733,Wagner-Moss,-5640173.61
V04443,Frye Ltd,-5652476.440000001
V03487,"Wright, Brown and Brown",-5674814.880000001
V02861,Burns Ltd,-5686626.660000001
V00536,Parker Ltd,-5801709.63
V04795,Marshall and Sons,-5925805.200000001
V01322,"Hernandez, Knight and Aguirre",-5941831.839999999
V01199,Brown Ltd,-6081360.909999999
V02743,"Brooks, Sullivan and Perry",-6142930.34
V00056,Jones-Young,-6162784.14
V01160,Perez Ltd,-6392068.149999999
V01962,Harris-Martinez,-6497565.74
V02803,robles-turner,-6527709.36
V01622,Singh and Sons,-6550019.35
V04381,Price-Dominguez,-6620664.699999996
V00934,Williams Inc,-6810840.74
V01238,"Moon, Farmer and Hill",-6831780.540000001
V02678,Jackson-Powers,-6855317.160000001
V02119,Lopez-Jones,-6951984.859999999
V04366,Haney Ltd,-6970333.2
V00237,Warner-Gibson,-7180229.869999999
V04981,"Weeks, Burton and Madden",-7220010.599999999
V02045,"Harding, Kerr and Ward",-7782128.640000001
V00696,Rivera Inc,-8271915.749999998
V02256,Johnson LLC,-8689387.73
V02840,Todd-Myers,-8886032.669999996
V02060,Davenport-Torres,-9147674.51
V01135,Green-Carter,-10474617.76
V02312,Alvarez-Hart,-10855113.079999998
V01418,"Jones, Phillips and Arroyo",
V04890,Gomez Group,
V04898,Lewis-Lee,
V03182,"Russell, Meyer and Smith",
V04810,Fernandez Group,
V04484,Taylor Inc,
V03556,Bartlett-Murphy,
V04465,Jacobs-Herrera,
V01134,Fisher-Eaton,
V03098,"Johnson, Potter and Gordon",
V01849,Larson and Sons,
