vendor_id,vendor_name,total_spend
V04381,Price-Dominguez,25620410.08
V01160,Perez Ltd,22728855.189999998
V01817,English-Dominguez,21949849.949999996
V01347,Keith-Williams,21413345.909999996
V00400,Duran LLC,20661464.990000002
V02660,Hale Inc,20003667.98
V03780,Martin-Payne,19710230.83
V04456,elliott-zamora,19397290.98
V04639,Goodman and Sons,17820406.27
V00162,Stein-Silva,17383200.650000002
V04719,Chavez-Carter,17377955.27
V04269,Williams Group,17013457.11
V02986,Williams Inc,16380993.61
V04995,"Huang, Hall and Delacruz",16379270.02
V04584,"Mendez, Williams and Henry",15916217.219999999
V02079,Smith PLC,15855808.68
V01059,Elliott-Hernandez,15646561.8
V02884,Thomas and Sons,15437727.930000002
V01135,Green-Carter,15101627.839999998
V02272,"Hamilton, Green and Edwards",14965195.99
V00383,"Austin, Day and Johnson",14958497.870000001
V02855,Turner-Carlson,14848839.33
V04274,Moore PLC,14634544.049999999
V00198,"Adams, Christian and Rivas",14567298.889999997
V03873,Foster and Sons,14503779.42
V04259,Stevenson-Ferguson,14419298.15
V01564,Owen-Brown,14276896.250000002
V01811,"Cruz, Middleton and Larsen",14097852.160000002
V00757,Kelly Group,13758891.660000002
V00886,Wheeler PLC,13740787.440000001
V04998,Higgins-Walker,13719683.339999998
V01123,Guerrero-Becker,13609723.539999997
V03294,Murphy-Salazar,13440187.19
V04570,Watts-Travis,13311203.6
V02816,"Burch, Kim and Hall",12971396.559999999
V03052,Perez Group,12908564.600000001
V04057,"Moore, Neal and Farmer",12856489.43
V02801,"Lee, Thomas and Meyer",12749985.959999999
V01114,Stevens-Robinson,12744032.4
V03224,"Knapp, Miller and Reyes",12740912.98
V01882,Ramirez Inc,12550331.08
V01475,Edwards Ltd,12509927.95
V01058,Marshall-Perez,12497056.079999998
V01703,Thomas Inc,12412718.54
V01681,"Payne, Long and Morris",12403326.08
V04851,Johnson-Smith,12355232.96
V04251,"Day, Campbell and Taylor",12284703.059999999
V05000,Scott PLC,12194379.54
V00694,Faulkner-Grant,12149671.5
V02184,"Patel, Mendez and Hammond",12141435.049999999
V01070,Henderson Ltd,12122769.759999998
V01583,Smith-Joyce,12062507.690000001
V02557,"Sandoval, Thomas and Young",12012023.530000001
V04594,Allen-Riggs,12010801.270000001
V01603,Duncan-Williams,12010628.6
V04870,Benjamin LLC,11961388.680000002
V04490,Olsen Group,11960103.52
V04001,Sawyer PLC,11935936.9
V02898,Sutton Group,11929384.64
V00066,Morton-Chase,11846474.02
V02695,Rodriguez LLC,11805590.78
V04258,"Adkins, Duncan and Thompson",11797451.74
V04677,Dunn LLC,11789180.15
V03187,"Gray, Bailey and Farley",11757105.520000001
V02981,Rogers Group,11648999.780000001
V00597,Salas-Fitzgerald,11639346.52
V02222,"Martinez, Camacho and Mathews",11638552.15
V02110,Nunez-Rodriguez,11590160.67
V04101,Martinez Ltd,11535114.46
V04008,Mcdonald-Murray,11529406.74
V04618,Hudson Ltd,11459700.94
V00436,Cox LLC,11328256.72
V02911,Woods-Anderson,11322563.64
V04329,"Ross, Cummings and Harris",11291346.06
V03650,Johnson Ltd,11257277.76
V01622,Singh and Sons,11141342.75
V02082,Moore and Sons,11140410.0
V02080,Watson-Washington,11095277.77
V02471,Williams and Sons,11042081.14
V03638,"Rivera, Jacobs and Smith",11003474.17
V00189,Garcia LLC,10798125.9
V00381,"Richardson, Farmer and Andrews",10774437.870000001
V01335,"Kennedy, Rowe and Diaz",10729244.379999999
V02497,Chambers Group,10701533.639999999
V01555,Rodriguez-Mills,10662568.26
V02883,"Garcia, Weiss and Young",10611442.1
V03676,Fischer Group,10488965.4
V02338,"Leonard, Ballard and Miller",10462669.57
V03925,Marquez-Nunez,10452225.4
V02918,Cisneros-Meyer,10429920.69
V03788,"Morales, Johnson and Hunt",10426440.27
V02452,"Hogan, Zimmerman and Hoffman",10376093.25
V04175,"Phillips, Castro and Thompson",10338298.620000001
V01733,"Huang, Ford and Olsen",10309152.020000001
V02862,"walker, matthews and archer",10229372.459999999
V03265,Flores Inc,10202122.850000001
V04878,Lucas-Potts,10187261.36
V02491,"Bernard, Flores and Fleming",10169373.65
V02561,Neal-Holden,10067377.0
V00526,Hayes Ltd,10060616.51
V01740,Larson LLC,10033786.1
V00636,Thompson Ltd,10014059.25
V02060,Davenport-Torres,9998851.370000001
V04857,Carrillo-Simon,9954759.459999999
V00288,Morgan-Schwartz,9853244.92
V03739,Ramos Ltd,9816860.08
V00771,Armstrong and Sons,9776483.379999999
V03504,Ramirez-Cruz,9753596.86
V01689,Tate LLC,9716503.18
V00343,Lopez-Martinez,9604878.74
V04955,Rodriguez-Clark,9592261.120000001
V00075,Novak PLC,9546707.0
V03832,"Wood, Simmons and Leonard",9525860.02
V01224,"Brandt, Carter and Boyd",9512081.370000001
V00079,Jones Inc,9482515.61
V00805,"Hernandez, Cuevas and Webb",9481414.079999998
V04357,Beck and Sons,9473766.879999999
V04167,Stewart LLC,9459905.52
V04509,Johnson-Morrison,9449367.83
V04418,Smith-Garner,9402570.459999999
V01465,Cooper-Jenkins,9382317.33
V03421,"Foley, Gordon and Bailey",9372597.23
V01236,"Ochoa, Garcia and Sandoval",9311988.31
V04055,Taylor and Sons,9295526.94
V02783,Frederick-Kennedy,9285936.68
V03915,Pope and Sons,9272640.64
V04437,Perez-Tucker,9255659.850000001
V00116,Walker Ltd,9246324.16
V02075,Duran PLC,9199488.959999999
V04733,Bradford and Sons,9198404.95
V00779,Alexander-Jordan,9157879.14
V01448,"Hensley, Lopez and Baker",9157462.86
V01748,Peterson Group,9135935.459999999
V02312,Alvarez-Hart,9097713.340000002
V01087,Morgan LLC,9081302.100000001
V02183,"Hayden, Harmon and Mcdonald",9066300.48
V04152,"Mckee, Fisher and Long",9037101.4
V04679,"Henderson, Williams and Keller",8998939.6
V03483,Bell-Cooper,8937914.620000001
V03259,"King, Ortiz and Munoz",8936914.96
V03541,Johnson PLC,8916356.059999999
V03302,"Webb, Davis and Miranda",8876939.93
V03977,Phelps PLC,8873445.63
V00850,Gonzales Inc,8841330.44
V01889,Baldwin-Garcia,8822065.719999999
V00923,Parker Ltd,8807163.61
V02387,Mitchell-Jackson,8779596.8
V02907,"Grimes, Arnold and Lawson",8700049.05
V04731,"Li, Mason and Jacobson",8685145.08
V02123,Wilson Group,8651659.399999999
V00522,Holmes-Mcintyre,8649722.08
V04224,Davis-Green,8625615.610000001
V04161,Bowers-Nguyen,8621661.1
V02573,Gonzalez and Sons,8580577.3
V04003,Sanchez-Armstrong,8560814.68
V04981,"Weeks, Burton and Madden",8512724.6
V01822,Joseph LLC,8488370.4
V00344,Davis-Lewis,8462380.68
V01888,Mendez Inc,8454825.36
V04827,"Torres, Valdez and Briggs",8446158.739999998
V00572,"Smith, Rodriguez and Anderson",8432848.18
V04511,Williams Inc,8411834.81
V04726,"Marquez, Jones and Garcia",8405377.41
V03342,"Mooney, Conley and Fox",8389971.74
V00599,Hoffman Ltd,8348988.59
V00463,"Taylor, Wright and Davidson",8327286.15
V02597,"Morse, Silva and Johnson",8288623.77
V04275,Howell LLC,8271561.549999999
V00748,Goodwin Ltd,8253545.99
V03599,"Simmons, Wallace and Martinez",8250853.7
V01238,"Moon, Farmer and Hill",8243700.12
V00732,"Hernandez, Lee and Fox",8232492.600000001
V00173,White-Green,8214300.27
V04552,Thompson-Morales,8213240.539999999
V00710,Edwards-Williams,8197990.0600000005
V00350,"Smith, Garrison and Thomas",8163028.9399999995
V04322,richardson inc,8162241.75
V02294,Brooks-Hickman,8159548.64
V01333,Hammond-Lewis,8094243.890000001
V03646,Fischer PLC,8093018.600000001
V04517,Robinson and Sons,8082018.75
V01466,Dillon-Mccarty,8062041.36
V02835,"Michael, Walker and Fitzgerald",8011600.48
V01604,Baker-Ross,7999858.52
V02350,Petty-Allison,7999006.91
V00100,Walsh LLC,7983028.98
V02008,Hill Ltd,7974030.200000001
V04058,Carlson and Sons,7920941.18
V04588,Barker-Oliver,7915477.489999999
V04647,"Roman, Stark and Turner",7913286.53
V04801,Briggs-Moore,7882644.0200000005
V01078,Hernandez PLC,7858332.7299999995
V04823,Moore-Parsons,7777639.100000001
V03248,"Case, Adams and Olson",7766101.659999999
V03573,"Sellers, Strong and Gomez",7750720.890000001
V01194,pruitt-webb,7738277.839999999
V04943,"Price, Bryan and Carter",7735520.220000001
V00997,Durham-Shaw,7729455.08
V00516,Osborne LLC,7698044.040000001
V02285,Martinez Inc,7694205.17
V03596,"Fischer, Johnson and Orr",7649216.300000001
V01774,Callahan PLC,7630825.17
V00977,Anderson Group,7605907.34
V01719,"Gomez, Anderson and Hart",7586695.249999999
V04556,"King, Taylor and Middleton",7579739.12
V03922,Walker LLC,7552996.800000001
V03836,Howard Inc,7552937.609999999
V02334,Smith Ltd,7518676.42
V01073,Bartlett-Sloan,7461615.73
V02274,"Ward, Jordan and Orr",7461100.52
V02585,Lee Group,7413879.42
V01258,"Price, Dixon and Robles",7411999.200000001
V03943,"Johnson, Sims and Crane",7401333.72
V02195,Lucas-Johnson,7398411.34
V01821,Lane Ltd,7369068.75
V04294,Perez Group,7331056.11
V03397,"Harris, Thomas and Yang",7305117.4
V03481,Miles-Dunn,7292520.5
V04640,Mendez-Tyler,7287379.38
V02301,Solis LLC,7276110.94
V02164,Chapman-Odom,7267499.599999999
V04232,Nichols LLC,7256022.76
V00966,Owens-Russell,7244828.2
V02408,"Campbell, Davis and Arnold",7176368.88
V01296,Andrews and Sons,7173802.82
V02135,Garcia Inc,7172159.18
V03427,Bennett-Ruiz,7163014.84
V01861,Blanchard-Reynolds,7153211.17
V00195,"Hernandez, Thompson and Boyd",7146209.0
V01327,Hampton-Tucker,7143433.120000001
V03568,Jackson Group,7115999.1
V02246,Williams PLC,7106993.970000001
V00609,Huang-Foster,7104783.549999999
V02652,Brown-Ross,7094275.05
V00615,Gilbert PLC,7085997.6
V02847,"Gonzalez, Curtis and Cox",7081470.48
V00384,"Gallegos, Adams and White",7081247.42
V01975,Quinn-Gordon,7077857.119999999
V04270,Mccullough Inc,7031323.08
V03838,Martinez and Sons,7030467.470000001
V03699,"hansen, perez and fuller",7015721.739999999
V00488,Williams-Hughes,7002085.680000001
V00310,Smith-Grimes,6967792.9
V03973,Flores-Moreno,6962006.61
V02256,Johnson LLC,6936677.88
V00873,Kramer-Shannon,6935706.17
V04540,Gutierrez-Dudley,6927669.5
V04391,Maxwell Inc,6901277.459999999
V03692,"Cortez, Phelps and Taylor",6895501.1
V01998,"Pitts, Warner and Mullins",6855739.01
V03312,Hester-Parrish,6849074.32
V02397,Orr Inc,6843067.4
V01764,Austin-Morgan,6837923.510000001
V02588,"Lopez, Nichols and Clarke",6833577.64
V01966,Clarke Ltd,6813768.7
V03360,Knight-Sparks,6810847.449999999
V03158,Peterson-Munoz,6800350.76
V01199,Brown Ltd,6774226.29
V01846,Green Ltd,6754237.319999999
V03366,Petersen-Martinez,6749964.130000001
V03163,Brown-Stokes,6732938.02
V03513,"Hamilton, Patterson and Daniel",6722336.9
V02047,Hughes-Smith,6702566.3100000005
V04729,Sanchez Inc,6700462.380000001
V02116,Wilson-Campbell,6698681.15
V03487,"Wright, Brown and Brown",6697634.159999999
V00569,Levy-Lewis,6691421.32
V03628,Larsen-Shields,6672914.780000001
V03471,Clay Group,6660996.7
V01167,Wallace-Martinez,6651616.62
V03026,"Rodriguez, Reese and Reyes",6622413.44
V02200,Edwards LLC,6619468.449999999
V01577,Kirk-Gutierrez,6611632.16
V03743,Hurst-Jackson,6608389.260000001
V01385,Lopez-Fletcher,6605421.06
V01400,Frost-Graham,6600367.9399999995
V04993,Perez-Bernard,6599648.609999999
V03416,Bryant-Elliott,6597932.52
V01322,"Hernandez, Knight and Aguirre",6592752.32
V03134,Rubio PLC,6568534.71
V03968,"Ruiz, Martin and Jones",6540620.220000001
V03930,"Smith, Diaz and Romero",6517065.199999999
V03053,Gomez LLC,6506583.619999999
V04757,Brooks-Bell,6505679.97
V04225,Perez Ltd,6502578.049999999
V02844,Ellis-Martin,6494339.53
V03231,"Camacho, Rodriguez and Ho",6493859.79
V00378,Bell-Lane,6488235.6
V02463,Scott-Wilson,6463183.879999999
V01745,Brooks Inc,6452247.430000001
V00834,Burns and Sons,6450765.890000001
V03987,Cardenas and Sons,6449497.85
V01617,Todd Inc,6447255.569999999
V00457,Bishop-Goodwin,6436688.100000001
V00089,Suarez LLC,6427909.74
V03697,Rivera-Brown,6421307.16
V01006,Thompson PLC,6410916.42
V01331,"Jones, Smith and Hunter",6386202.9
V01108,Byrd LLC,6382211.4
V02115,"Roberts, Bowen and Miller",6372447.3
V03748,Ramos LLC,6362313.640000001
V02678,Jackson-Powers,6353818.92
V04151,ward ltd,6350241.8
V00390,Moore-Collins,6304266.609999999
V04501,"Johnson, Perez and Henry",6289201.57
V03966,Garrett-Rodriguez,6278531.369999999
V03444,Perez-Harmon,6270885.890000001
V03368,"Flowers, Williams and Taylor",6266884.42
V01085,Vaughn-Williams,6255192.84
V01844,Kent Ltd,6249520.45
V01344,Brown LLC,6231735.41
V03589,Williams Ltd,6228469.59
V04326,"Gomez, Mcmahon and Fisher",6227485.4
V04204,Johnson Group,6218731.6
V00145,Hernandez Ltd,6218157.19
V03322,"Reilly, Lee and Lopez",6209489.85
V02251,Reeves and Sons,6181069.02
V03344,Torres Ltd,6177365.4799999995
V01064,Armstrong-Young,6173623.109999999
V03104,"Lewis, Montgomery and Robinson",6169694.470000001
V04508,Long-Santos,6164998.9
V01434,Perez and Sons,6164564.33
V02935,palmer inc,6162131.119999999
V02662,Hill Ltd,6154427.76
V00010,Abbott-Munoz,6143834.87
V02295,Hood and Sons,6136061.409999999
V00163,"Smith, Gilmore and Johnston",6130471.890000001
V00943,Cline-Ayala,6129327.62
V01202,"Marks, Stone and Watts",6129250.199999999
V03097,"Dominguez, Mitchell and Moore",6109963.720000001
V01973,"Shah, Mcintyre and Villanueva",6070060.67
V02288,"Macdonald, Willis and Silva",6062188.32
V03603,Dennis-Wilson,6052990.2
V03571,Bass Inc,6046149.9
V01208,Walton LLC,6021405.62
V02007,Mullen-Jones,6015000.4
V01652,Acosta LLC,6010922.97
V02150,Alvarez-Dickerson,6008516.94
V02405,"Sullivan, Gonzalez and Turner",5991795.92
V03435,"Flynn, Garcia and Gilmore",5990850.220000001
V04332,"Mueller, Cox and Ford",5985098.97
V03135,"Gamble, Davis and Smith",5951373.02
V04656,Knight LLC,5945143.65
V04338,White-Ramos,5920499.32
V00866,Gibson-Freeman,5918309.8
V04386,Miller-Cole,5875083.899999999
V01727,"Pierce, Wang and Wilson",5870162.6899999995
V03428,"White, Erickson and Hunter",5869431.7299999995
V02077,"Marsh, Nelson and Wolfe",5863488.540000001
V01738,Morgan Group,5845174.53
V01049,"Larsen, Hernandez and Ward",5825868.720000001
V02159,Watkins-Lozano,5824400.85
V02411,"Henderson, Wagner and Dennis",5820763.25
V03522,"Hill, Adams and King",5813762.64
V03243,"Smith, Boyd and Scott",5811445.4399999995
V04626,Richards-Smith,5800914.0
V04487,Cooper-Jones,5785026.56
V00277,Cook-Hines,5757919.550000001
V00527,osborn-cochran,5743620.72
V03301,Bray-Morris,5691451.5
V00020,"Reid, Ferguson and Sanchez",5687228.05
V01001,"Howard, Silva and Hall",5670262.08
V02732,Gray-Ruiz,5668033.74
V02299,Nguyen-Dennis,5654605.98
V02371,Rhodes-Thompson,5638149.619999999
V02328,Miller Ltd,5633394.199999999
V00342,"Winters, Newman and Brown",5632394.03
V03233,Kline-Davis,5615108.4
V03041,"michael, anderson and carrillo",5608083.1
V02804,"Davies, Archer and Owens",5599542.96
V02713,Harris-Bennett,5596116.93
V01028,Reed LLC,5584313.85
V01233,Tran Group,5580287.2299999995
V02074,"Mayer, Palmer and Miranda",5575355.4799999995
V04908,"Meyer, Miranda and Watkins",5568273.06
V01586,"Howe, Moore and Johnson",5565872.61
V03174,Sheppard Group,5554491.76
V01091,Adams-Butler,5552143.11
V01741,"Hodge, Mckinney and Nelson",5536861.59
V03986,"Trujillo, Proctor and Wang",5520114.14
V00305,"Evans, Hayden and Vaughn",5515366.06
V02174,"Richard, Davis and Rogers",5504742.880000001
V02532,Allen-Peterson,5504474.699999999
V00222,Harrison-Alexander,5495447.2
V04946,Jensen Inc,5494964.0
V01833,Berry-Rivera,5492624.75
V02755,Green Group,5464081.42
V01523,Huang LLC,5459814.029999999
V03206,"Foster, Ayers and Casey",5443670.52
V02728,Thompson-Wright,5439355.75
V01406,Harris Ltd,5401184.250000001
V01460,King-Garrison,5388634.08
V03111,Allen and Sons,5387275.28
V01430,Shannon LLC,5383240.46
V02821,"Mclaughlin, Collins and Lawrence",5365440.0
V03318,Bell-Wilson,5351193.199999999
V03779,Lopez LLC,5346505.709999999
V02435,Williams-Hernandez,5334238.8
V01878,King Group,5325094.09
V00468,Wilkerson-Arias,5316284.640000001
V02084,"Norris, Cisneros and Mathis",5293952.32
V03657,Glover-Coleman,5293447.5
V01223,Smith LLC,5241716.779999999
V03884,Roberts-Patel,5233831.760000001
V02475,Johnson-Schultz,5231297.36
V02176,Simmons-Reed,5225955.08
V03370,"Moore, Miller and Nelson",5210738.220000001
V02403,"Harris, Stephens and Kramer",5203381.600000001
V03696,Benson PLC,5192160.6
V03648,Moore LLC,5189431.52
V02469,Garcia-Thomas,5183817.33
V00183,Jackson-Lawson,5183418.95
V00236,"Harrison, Johnson and Roberts",5157082.5
V02101,Johnson-Thomas,5153497.529999999
V01264,"Mckinney, Richardson and Chapman",5141566.26
V01081,Humphrey-Baker,5126408.79
V03865,"Faulkner, Welch and Hoffman",5110936.07
V01337,"Vincent, Anderson and Mason",5095779.38
V00521,Johnson and Sons,5091173.779999999
V02790,Johnson Inc,5085591.18
V01232,"Taylor, Porter and Moreno",5081488.859999999
V04182,Key-Ramos,5081440.21
V01294,Miller Inc,5081337.030000001
V01855,Turner-Reese,5078957.609999999
V01962,Harris-Martinez,5078011.9
V04192,Lara-Baker,5068028.119999999
V03164,Irwin-Lewis,5062237.32
V01207,Christian-Booth,5057069.32
V02798,Patterson-Huynh,5051345.930000001
V04474,"Moore, Wallace and Edwards",5038040.03
V01187,"Holland, Murphy and Kline",5035888.34
V03521,Morgan-Foster,5029855.35
V01343,Williams-Juarez,5014468.0
V03863,"Porter, Patel and Jackson",5013011.45
V02682,Ramos Inc,5003512.75
V03608,Mann LLC,4997524.15
V00650,Todd-Pham,4995637.819999999
V01872,Brown PLC,4994100.0
V04455,Li and Sons,4984555.95
V04335,"Chavez, Conway and Sosa",4974972.48
V00046,Spence PLC,4969342.85
V04081,Wright LLC,4958273.6
V00327,Richards-Carson,4935857.51
V03575,Wilson-Merritt,4934326.239999999
V02414,West PLC,4905285.96
V04674,Edwards-Taylor,4904728.819999999
V03172,Gonzalez Group,4900000.68
V03552,"Gordon, Andrews and Kelley",4892017.2
V03586,Elliott PLC,4889676.2
V02759,Stone and Sons,4879435.890000001
V03299,Barnett-Boyd,4874730.93
V02383,"Harrell, Moore and Cox",4833230.67
V00003,"Mcclain, Miller and Henderson",4808822.1
V00061,"Brown, Valdez and Lucas",4803380.15
V03512,"Robinson, Johnson and Swanson",4800545.6
V00638,Morales Inc,4798640.399999999
V04524,Vincent LLC,4788656.07
V02321,Carroll-Arnold,4774779.35
V02313,Davis-Henderson,4756216.92
V02947,Jordan and Sons,4749478.489999999
V02799,Hatfield-Vincent,4740372.4799999995
V03670,"Wright, Thomas and Jensen",4739667.1
V03897,Morris LLC,4729987.11
V02842,"Chase, Long and Anderson",4713082.33
V00885,Lewis Inc,4711410.14
V01947,clark-king,4709502.0
V02119,Lopez-Jones,4705229.08
V04756,Prince Inc,4699231.199999999
V03170,"Orozco, White and Brown",4690080.32
V04110,Ryan-Steele,4685645.5
V02917,Lindsey-Shaw,4681505.21
V03015,Ferguson LLC,4669889.4
V01886,Bishop and Sons,4667764.8
V02880,Hopkins-Wallace,4649149.22
V00369,Perry-Davis,4646972.41
V03071,Saunders LLC,4644130.14
V03330,"Adams, Harris and Floyd",4631860.8
V00464,Spencer-Garcia,4631502.12
V04162,"Ritter, Baker and Leon",4624858.6
V01126,"Erickson, Armstrong and Lee",4624731.15
V02169,Harris-Reid,4621698.0
V02795,Schultz Inc,4617365.34
V00362,Lam LLC,4616997.39
V03498,Skinner PLC,4615154.82
V01266,Cole-Lucero,4615118.720000001
V03609,Hamilton Ltd,4611994.529999999
V04909,Snyder-Ferrell,4611315.949999999
V04671,"Silva, Hill and Bradley",4610925.600000001
V04153,"Williams, Holland and Alexander",4606380.35
V02994,Anderson Ltd,4594855.2
V02919,"Keith, Cervantes and Torres",4591419.25
V01010,Weaver-Thompson,4584746.4
V03495,"Sanchez, Orozco and Flores",4583251.24
V02982,Hicks Ltd,4567911.54
V03078,Rose-Frank,4563579.81
V02993,"Hill, Silva and Miller",4550579.859999999
V01927,Rogers Inc,4543284.3
V01657,"Adams, Bradley and Hall",4540097.78
V03729,Shaw-Smith,4536051.26
V01579,"Gardner, Brooks and Pierce",4527840.390000001
V01374,"Barnes, Hernandez and Davis",4524540.14
V00590,"Patton, Parsons and Lane",4522673.709999999
V04664,White-Holland,4520546.04
V02067,"Castillo, Graham and Scott",4504904.74
V04610,Yang PLC,4495838.870000001
V03637,Gould PLC,4489275.600000001
V00364,"Kelley, Nguyen and Vang",4483084.739999999
V02158,Wright Ltd,4472639.02
V02058,"Bradley, Melendez and Gonzalez",4463939.16
V02951,Ruiz LLC,4462814.04
V02412,Green-Romero,4446561.609999999
V03911,"Soto, Alexander and Cobb",4441686.48
V04844,"Henderson, Edwards and Sexton",4434629.850000001
V04429,Barnes-Johnson,4420909.5600000005
V03994,David-Watkins,4420819.51
V03908,Gonzales Ltd,4403105.9
V04067,moss and sons,4392649.25
V01500,"Smith, Weeks and Arroyo",4392311.0
V01080,"Chan, Floyd and Dillon",4391057.3100000005
V00282,Hughes-Alvarado,4373842.129999999
V00169,"Yates, Ramsey and Pittman",4353590.61
V03905,Jones-Butler,4352533.11
V02517,"Byrd, Mendez and Becker",4335211.65
V03237,"Jones, Mcdaniel and Brooks",4329293.67
V00770,Hardy PLC,4326341.09
V02269,Carpenter LLC,4325495.1
V04858,Gibson Ltd,4320612.180000001
V03305,Bonilla Inc,4314887.9399999995
V01431,Valentine Ltd,4311946.49
V00871,Adams-Clayton,4305031.6
V03178,"Jensen, Morris and Downs",4303662.61
V04696,Hernandez-Beasley,4291384.32
V00073,Henderson-Bernard,4290272.64
V02267,"Harvey, Turner and Foster",4286111.06
V01032,"Jones, Scott and Rodriguez",4281548.8100000005
V02664,"Barrera, Kerr and Jenkins",4273015.050000001
V01009,"Thomas, Vaughan and Copeland",4265281.63
V02244,"Holland, Sims and Meadows",4260745.58
V00713,"Butler, Hernandez and Rivera",4255553.71
V04804,Reilly-Sanders,4251563.619999999
V03806,Freeman-Yang,4242889.92
V00992,Ramirez and Sons,4239888.68
V00740,Miller Group,4231482.3
V03812,Davis-Cruz,4224791.44
V01825,Bush-Wilson,4224732.779999999
V03437,Brown LLC,4224335.279999999
V01708,"Thompson, Gibson and Riley",4218616.74
V02965,Martinez LLC,4209612.16
V00619,Smith PLC,4207749.3100000005
V00762,"Moore, Price and Ward",4202672.32
V04143,"Huff, Bird and Miller",4200230.68
V01871,Lee-Johnson,4194503.31
V01481,"King, Manning and Brady",4192877.0
V04424,"Duarte, Lee and Matthews",4173393.9899999998
V00780,"Mccann, Taylor and Flores",4172318.97
V02938,Decker Inc,4165081.96
V03963,Murphy Group,4164551.1000000006
V02749,Wise-Walton,4160278.66
V02596,Wells-Perkins,4156230.91
V01735,"Stewart, Herrera and Clark",4147052.93
V01300,Avila PLC,4126610.25
V03409,Thomas Ltd,4124589.67
V03021,"Henson, Baker and Anderson",4119392.16
V04220,"Haynes, Jennings and Ballard",4114416.5
V04088,Petty Inc,4105024.92
V02797,Stevenson-Bauer,4098093.42
V02041,"Fox, Harrington and Wang",4087459.02
V02853,"Morgan, Hamilton and Hernandez",4083822.7199999997
V00283,"Pollard, Simpson and Johnson",4077898.84
V03037,Stout-Waller,4077176.6999999997
V00563,Dougherty-Lin,4072325.6999999997
V02593,Romero Ltd,4062786.5199999996
V00765,Miller Group,4045398.5
V01552,"Brown, Coffey and Fuentes",4024662.7100000004
V04441,"Woods, Roberts and Young",4023916.6399999997
V00072,House-Glover,4017574.33
V03894,Arnold-Boyer,4014264.9
V00946,"Mueller, Stevenson and Sanchez",4010026.75
V02091,"Olsen, Walker and Vincent",4004575.5300000003
V00958,"Miller, Davis and Anderson",4004405.64
V04246,Brown-Haas,4000671.4699999997
V01237,"Andrade, Gordon and Cruz",3992292.6700000004
V03289,"Ramsey, Perez and Miller",3967861.98
V00136,"Lawson, Morris and Ramos",3966682.1999999997
V03068,Briggs-Wilson,3965685.24
V00934,Williams Inc,3964556.21
V02347,Richards-Harris,3964422.24
V00050,"Harris, Collins and Carney",3963259.55
V03442,Zhang PLC,3958729.44
V00883,Barber-Fischer,3955743.3000000003
V01627,"Williamson, Brown and Pena",3951695.44
V01980,Holland Inc,3949536.84
V01850,Mullins-Gutierrez,3940190.47
V03108,Martin-Pratt,3938166.96
V04197,Pope PLC,3938101.12
V04305,"Griffith, Johnson and Alexander",3935416.92
V04615,"henderson, brown and baker",3928342.4699999997
V00193,Short-Garcia,3918131.2200000007
V03364,"Martin, Tucker and Brown",3910651.9
V04621,"Lopez, Gutierrez and Castro",3904508.7
V02768,warren-pena,3884668.4
V03356,"Thompson, Lozano and Bailey",3875034.4200000004
V04861,Lawrence-Hanna,3863401.41
V04535,"Young, Kane and Riley",3857472.7800000003
V03304,"Holland, Foley and Neal",3852852.91
V03067,Hernandez-Griffin,3848189.8
V01239,Waller-Chavez,3846298.77
V01370,Jackson-Jennings,3839161.2600000002
V04443,Frye Ltd,3837204.2800000003
V03776,"Valenzuela, Morris and Garcia",3832288.14
V00654,"Leach, Harris and Herrera",3831025.17
V02239,Green Ltd,3822675.0
V04170,Harris-Chase,3816106.96
V02868,"Roth, Logan and Moreno",3815174.8
V04564,"Stephens, Stone and Johnston",3803470.8600000003
V01325,Hill-Ward,3791236.0500000003
V01777,Chavez-Johnson,3781192.17
V00325,"Diaz, Gibbs and Smith",3763850.6699999995
V01525,"Wright, Wise and Ramos",3752343.8200000003
V02464,Weaver LLC,3748344.8499999996
V01115,Byrd-Holloway,3739658.9799999995
V01275,"Robinson, White and Jones",3734692.5
V02542,"Walton, Hall and Greene",3726063.6
V03526,Johnson-Howard,3722024.27
V04108,"Garner, Fox and Chan",3716200.0199999996
V01162,"Wagner, Martinez and Dawson",3714761.57
V01721,"Hall, Roberts and Lee",3711949.37
V00237,Warner-Gibson,3707817.52
V03035,Roth Ltd,3702051.9
V03022,"Phillips, Galloway and Garrett",3696574.35
V01885,Jones-Krause,3693587.26
V03414,Wolfe-Rodriguez,3692125.44
V02575,Morgan PLC,3682146.91
V00178,Walker-Jones,3661151.01
V04713,mendoza-jackson,3660309.92
V03583,"Banks, Gray and Gonzales",3656850.0
V00574,Williams-Williams,3654525.78
V03745,"Powell, Monroe and Caldwell",3653813.34
V01510,Walsh PLC,3650392.0700000003
V04597,Sutton PLC,3644103.1199999996
V02985,Wright-Jacobson,3641428.99
V04119,"Barnett, Clark and Quinn",3640316.6399999997
V04695,Ortiz Group,3638807.9699999997
V00646,"Carrillo, Vaughn and Fowler",3635891.2
V01705,Williams Group,3632997.25
V02840,Todd-Myers,3621894.0
V03649,Hall Ltd,3616922.0100000002
V00655,Murphy PLC,3609060.02
V04087,"Bullock, Cruz and Williams",3605131.9799999995
V02714,"Johnson, Mclean and George",3598540.0
V03009,Hart-Myers,3580283.76
V00161,Brown-Wall,3574039.8
V04264,Hicks Ltd,3572075.4000000004
V04139,Copeland-Richmond,3566706.5999999996
V01863,Scott PLC,3557123.7600000002
V04260,Rasmussen Group,3550232.4000000004
V00707,"Howard, Green and Hunt",3548411.5500000003
V00608,"Hill, Martinez and Rhodes",3543234.9699999997
V04803,Wilson-Young,3541844.26
V02153,Flores-Johnson,3535437.75
V04865,Cole LLC,3529295.78
V02260,Mccann-Sanders,3525121.68
V04168,Sloan Inc,3519826.06
V00959,Jones-Bradley,3517026.82
V03822,Coleman-Harmon,3514591.6399999997
V02072,Ward-Fields,3499854.12
V01613,"Rios, Carrillo and Jackson",3498000.3
V02279,"Yates, Brown and Hernandez",3485108.6399999997
V00389,Bennett Group,3479752.9000000004
V00735,branch and sons,3475078.93
V02774,Bird-Savage,3474913.17
V00686,"Boyd, Gutierrez and Hill",3471686.0799999996
V04893,Gay and Sons,3467417.0100000002
V02752,Fitzgerald-Allen,3466547.45
V03668,Davis and Sons,3461703.7
V02672,Santiago-Marshall,3461530.5999999996
V01578,"Jordan, Swanson and Franklin",3446983.4699999993
V03991,"Stevenson, Salinas and Williamson",3446666.78
V02665,"Martinez, Wood and Campos",3435806.93
V04551,"Fernandez, Flores and Fowler",3431912.1
V04760,"Arnold, Williams and Jarvis",3423929.75
V01495,"Ferguson, Stout and Olson",3421024.67
V04263,Rodgers-Warren,3419780.07
V01897,Fernandez Inc,3413532.13
V02709,Hall PLC,3406514.08
V00845,Adams PLC,3396730.0500000003
V01788,"Caldwell, Stevenson and Joseph",3384649.85
V04234,"Brooks, Thompson and Alexander",3382503.69
V03983,Elliott-Farmer,3372923.88
V03654,"Warner, Oconnor and Smith",3354140.4399999995
V03268,Guzman-Rose,3353542.9999999995
V03706,Robles PLC,3323948.3000000003
V04092,"Sullivan, Haney and Chavez",3323807.59
V04953,Chung-Andrews,3322348.8200000003
V01094,Nicholson-Robertson,3319254.98
V03453,"Castaneda, Solis and Gonzales",3309712.3600000003
V00741,"Mueller, Knight and Hodge",3308422.45
V04530,turner llc,3307088.5199999996
V03675,"George, Savage and Adams",3306270.9
V02743,"Brooks, Sullivan and Perry",3304187.86
V04703,"Vega, Jackson and Powell",3300504.52
V00592,"Harvey, Randall and Hernandez",3298997.7
V00857,"Adams, Hodge and Duke",3291987.3000000003
V04723,"Pena, Mueller and Mckay",3286136.75
V02894,"Holland, Dixon and Martin",3281187.0300000003
V04773,"Reid, Thomas and Gill",3273852.32
V04604,Gonzalez Group,3273726.06
V01877,"Pratt, Lopez and Rodriguez",3259275.4399999995
V04090,Sanders Inc,3257071.2500000005
V00231,"Branch, Torres and Oliver",3253235.6999999997
V00228,"Duran, Obrien and Gibbs",3252909.09
V01395,Adkins Group,3251974.7700000005
V04421,Acosta-Flores,3248097.79
V01493,"Ryan, Garza and Bryant",3246868.68
V02161,Jackson-Ryan,3244692.22
V00132,Spencer-Lee,3236344.5199999996
V02571,"Wilson, Roberts and Lee",3234178.6799999997
V01785,Peterson Ltd,3220291.9
V00223,Sheppard LLC,3214509.62
V04027,Hernandez-Foley,3211380.9
V00738,Gray-Tran,3210484.8899999997
V04208,Reeves Group,3206746.93
V00782,Carter-Neal,3206466.9000000004
V01894,Graves Group,3204071.84
V03585,Evans LLC,3198971.6400000006
V03422,"Warren, Palmer and Thompson",3183579.67
V03269,Hoffman Ltd,3174565.0300000003
V03518,Anderson Inc,3168884.54
V03254,"Collins, Bauer and Mckay",3160451.9699999997
V02482,Medina Group,3152406.9499999997
V03060,Munoz and Sons,3147115.2
V02661,Hale-Williams,3143010.12
V00477,Scott and Sons,3136724.22
V02803,robles-turner,3136700.88
V00687,"Fry, Hobbs and Buck",3134471.58
V02498,"woodard, warner and farmer",3130965.84
V01512,Flores and Sons,3115240.8
V00265,Tran Inc,3101101.3600000003
V02362,"Mcdonald, Ware and Sharp",3094557.43
V04706,Gray Group,3093417.08
V01131,Hardy-Hansen,3092300.8
V03256,"Burgess, Cabrera and Dean",3077446.0
V03979,"Larson, Butler and Barber",3076748.6400000006
V02508,Coffey-Johnson,3072967.55
V02547,"Lee, Garcia and Larson",3072248.8499999996
V02861,Burns Ltd,3062087.8400000003
V02906,Rice Ltd,3048876.9
V01854,Jackson Group,3025108.4499999997
V03980,Cantu Group,3024440.6100000003
V03423,Bell Ltd,3021243.01
V00652,"Marks, Miller and Griffin",3007418.16
V02151,"Brown, Baker and Garza",3005667.0
V00303,Santana-Byrd,3005205.3
V01471,Welch-Thomas,3005037.63
V02108,Knapp Ltd,2992553.92
V02534,Harding PLC,2992542.87
V02754,"Mann, Johnson and Wade",2992505.92
V03677,"Porter, Chung and Young",2988759.15
V03484,Allen Inc,2982755.85
V01270,Rivera Ltd,2978866.8
V02516,Lee-Gregory,2975689.7899999996
V00935,Williams LLC,2961884.54
V03445,Cervantes-Stokes,2939006.02
V02429,Thomas and Sons,2930529.5999999996
V03359,"Miles, Flowers and Martinez",2927578.5
V01782,Patel-Morales,2925489.78
V03831,Richardson-Small,2908909.64
V04519,Cortez-Ellis,2908851.68
V01670,"Crosby, Armstrong and Herrera",2906081.1999999997
V04871,"Olsen, Payne and Butler",2905108.93
V02053,Thomas LLC,2904365.93
V03167,Thomas LLC,2903314.71
V02524,Stewart-Myers,2900977.4299999997
V04113,"Hernandez, Dunlap and Lynch",2898855.3000000003
V03143,Case PLC,2895714.57
V03795,Turner Inc,2893662.45
V03141,Scott-Kennedy,2882012.02
V02213,Ferguson-Lyons,2880588.5
V03215,Anderson-Fields,2877624.0
V01186,Smith and Sons,2874602.5300000003
V02744,Waller-Brooks,2869699.6900000004
V04144,Marquez Group,2868134.76
V04686,Harris-Jensen,2867130.0000000005
V02501,"Martinez, Stanton and Bennett",2865652.0100000002
V02048,Bell-Madden,2862983.6999999997
V04423,Evans-Burns,2861471.8200000003
V01659,Miller-Chan,2859018.75
V00078,Yu Inc,2855431.5
V03891,Jackson Ltd,2852506.72
V02963,Shaw-Mclean,2847343.2
V03297,Flores and Sons,2846204.94
V03309,"Palmer, Edwards and Blackburn",2845129.8
V02733,Wagner-Moss,2838183.69
V00972,Foster-Williams,2833105.1399999997
V01696,Ellis Group,2832970.4400000004
V01639,Zamora-Briggs,2822005.7199999997
V00180,Howell and Sons,2813930.3
V01098,Wright Group,2811840.15
V04213,"Matthews, Huffman and Arellano",2807728.77
V01671,"Liu, Buchanan and Meyer",2800516.8000000003
V02337,"Li, Jensen and Vazquez",2799473.87
V04475,Bryant-Gonzalez,2794614.52
V04562,Rowland and Sons,2789544.6799999997
V04512,"Fitzpatrick, Harris and Wolf",2786756.66
V04393,Berg-Williamson,2778285.18
V04496,Mason LLC,2772866.9000000004
V03264,Thomas-Edwards,2771825.73
V00123,Chandler-Edwards,2767997.38
V03833,Daniels and Sons,2762653.68
V04680,Smith LLC,2753390.06
V00332,"Turner, Ortiz and Taylor",2742535.27
V01559,Duncan Group,2735684.08
V01360,Mendoza-Garza,2733239.56
V03401,"Gonzalez, Jones and Hernandez",2730662.0
V00269,Hicks-Hill,2719792.5
V00199,Ramirez Group,2718888.66
V01034,"Barnes, Jackson and Gutierrez",2717038.46
V01029,Fields Inc,2713855.91
V03992,Gates-Rodriguez,2710811.16
V02756,"Hernandez, Wright and Lane",2710642.54
V04669,"riggs, smith and lopez",2707241.5999999996
V00159,Mccarthy Inc,2704360.78
V04752,Smith and Sons,2702584.2800000003
V02699,"Hanson, Williams and Mcclure",2697597.81
V04362,Waller Ltd,2691461.0
V03889,Greene Ltd,2691125.1799999997
V02214,Stewart Group,2686245.1799999997
V03126,Mcclure Inc,2682111.28
V01005,"Bradford, Salinas and Kelly",2679206.92
V04036,Hall-Gillespie,2675095.1999999997
V04107,Parsons and Sons,2672221.76
V01518,Collins-Lloyd,2656610.66
V01295,Bauer PLC,2655133.88
V04125,Taylor-Morales,2649325.84
V01906,"Barker, Tucker and Mcclure",2643767.2800000003
V04838,Douglas-Diaz,2628599.2299999995
V02451,Mann PLC,2613638.04
V03311,Robinson LLC,2612584.8000000003
V03887,Jenkins-Fields,2611685.85
V00034,Frazier Inc,2606574.96
V00268,Jimenez Ltd,2601601.71
V04927,Woodard Inc,2592576.0
V00894,Bishop and Sons,2583865.5
V01046,Terry-Bowen,2577062.68
V03488,White-Williams,2576444.34
V04578,Martinez-Lopez,2575194.9299999997
V01920,Hoover-Davis,2575061.2800000003
V04924,"Fischer, Durham and Miller",2571470.22
V00454,White Ltd,2570550.2899999996
V02893,Klein PLC,2567521.43
V00291,Brennan-Johnson,2565439.98
V00647,Richardson-Walker,2562443.1
V04226,"Miller, Hayes and Davis",2557450.8000000003
V02630,Morgan-Barnes,2555596.35
V01647,"Mcbride, Huffman and Parker",2554742.7
V00062,Powell LLC,2554206.84
V04066,Rivera Group,2553436.0599999996
V04369,Gomez Group,2548025.21
V00483,"Andrews, Higgins and Carter",2547172.68
V03620,"Silva, Little and Washington",2545798.4
V00907,Cruz-Allen,2537368.32
V01420,"Wright, Ramos and Bennett",2528872.36
V02335,Stevens-Sullivan,2525501.0
V04763,Thomas Ltd,2519859.4299999997
V00795,"Barnes, Johnson and Schmitt",2512854.7399999998
V04396,Brown and Sons,2512107.52
V04378,Anderson PLC,2510236.55
V03183,Harding-Mathews,2496465.9
V00679,Wheeler Group,2488395.91
V04795,Marshall and Sons,2487616.3
V04741,"Harding, Gomez and Jacobs",2486606.3299999996
V01746,Gentry Group,2486291.23
V02373,"Perez, Hoffman and Tucker",2481120.12
V02400,"Spencer, Torres and Newton",2477654.55
V00207,"Alvarez, Joseph and West",2477160.2300000004
V03730,Johnson-Hill,2475244.68
V00820,Goodwin-Stokes,2473537.62
V01776,"Stark, Rivera and Valencia",2472163.83
V04802,Good-Cook,2471455.1
V03883,Bradshaw and Sons,2469736.2600000002
V01753,Collins Inc,2468261.92
V03123,Matthews Group,2465008.5600000005
V03553,Ryan-Martinez,2462963.75
V04098,"Baker, Casey and Simmons",2455098.9400000004
V04276,Becker-Mckinney,2448585.26
V03797,Davis-Sanchez,2448131.02
V02679,Byrd and Sons,2447099.34
V00787,Maldonado PLC,2442620.8800000004
V00791,"Porter, Schultz and Allen",2433502.35
V00936,Mora-White,2413734.0999999996
V00047,Anderson Group,2409779.6999999997
V04042,"Olsen, Davis and Thompson",2409198.0
V00058,"Johnston, Sanchez and Kennedy",2408817.0
V02528,Murphy Inc,2401670.5300000003
V02381,"Wilson, Harris and Ward",2399978.1599999997
V00355,"Fisher, Wilson and Brown",2399856.0
V02191,Mcdaniel-Young,2399628.6999999997
V00465,"Rosales, Mitchell and Hines",2399465.25
V02719,"Rivera, Allen and Ryan",2395661.93
V01052,Little Inc,2395590.2100000004
V01556,Williams and Sons,2391966.7199999997
V00059,lee-davis,2390359.55
V00091,"Turner, Riggs and Roman",2385764.54
V03886,"Solomon, Reyes and Delgado",2383194.52
V04689,Sanchez Group,2378399.1999999997
V03514,"Goodwin, Aguirre and Tran",2374993.6
V01095,Jones Ltd,2373240.0
V01936,"Nelson, Cole and Allen",2364398.3
V02758,"Dawson, Cruz and Mccarthy",2360785.75
V02247,Burke-Hernandez,2349298.0799999996
V04708,Brewer Inc,2348373.5999999996
V02057,Perry-Peters,2341968.5
V03389,"Rich, Brown and Bruce",2338162.2
V03291,Villa Inc,2336506.8600000003
V03934,Wong-Harrell,2334163.8400000003
V03139,Ramirez LLC,2334013.08
V02999,ferguson and sons,2329929.63
V03028,Montoya and Sons,2326374.8099999996
V01038,Phillips LLC,2325317.44
V00056,Jones-Young,2324209.42
V02730,Nelson Group,2321012.0
V03345,Chavez-Navarro,2319463.5100000002
V02945,Bailey Ltd,2315717.6
V03082,Brown LLC,2310959.09
V03376,"Collins, Elliott and Shelton",2308127.85
V02449,Weaver-Rubio,2305554.2399999998
V00391,frank-bradley,2305432.8
V03024,"Sanford, Thompson and Bonilla",2298021.0
V02266,"Mckinney, Pacheco and Smith",2295028.8
V04282,Williams-Wang,2290788.8000000003
V01346,"Velez, Ward and Harrison",2284029.44
V02879,Turner PLC,2277415.14
V03781,Gonzales PLC,2276286.38
V04458,Hanson Inc,2268288.75
V04149,"Rodriguez, Massey and Day",2259120.98
V04866,"Phelps, Montoya and Barnett",2253957.48
V01332,Hess PLC,2245765.92
V02736,Blake LLC,2243445.81
V00070,Hancock Inc,2240601.5
V01665,Newton and Sons,2233564.1999999997
V03871,"Manning, Fritz and Brooks",2233152.35
V04468,Mills PLC,2219196.46
V03613,"Gonzalez, Harrison and Washington",2215083.51
V02763,"Booth, Rodriguez and Armstrong",2213667.3000000003
V03352,"Figueroa, Mcpherson and Howard",2212992.0
V04377,Hopkins-Cook,2212784.84
V01075,Arnold-Gates,2200543.81
V02549,"Martinez, Hicks and Kelly",2198110.07
V00124,"Joyce, Wilson and Lam",2190208.44
V03988,Bates LLC,2188455.3600000003
V03551,Benjamin and Sons,2187633.2
V03533,Cohen Group,2186126.58
V01529,Moore-Chandler,2180216.4000000004
V04187,Mathews Group,2179842.2800000003
V04961,"Hodge, Bates and Burns",2179330.22
V02639,garcia plc,2174444.8
V02126,Morgan PLC,2170820.16
V04538,Brown Ltd,2157143.9
V01314,Lee-White,2143515.5
V02850,Howe Inc,2138356.42
V00986,Reyes Group,2138009.98
V03270,"Shah, Aguirre and Powers",2123437.3000000003
V00286,Bowen Group,2120538.66
V04411,"Phillips, Gutierrez and Davidson",2117290.94
V00511,Mendez-Graham,2109678.86
V03152,Bennett-Hudson,2105497.76
V00057,"Washington, Ryan and Cummings",2098560.0
V00671,"Long, Anderson and Irwin",2096129.2799999998
V03901,"Davidson, Lara and Massey",2090219.56
V04983,Mack-Carrillo,2088633.47
V04348,Harris-Hernandez,2087459.4
V01509,White LLC,2081614.03
V04824,"davis, obrien and barker",2079630.91
V02978,Smith-Gonzalez,2078823.5499999998
V02316,Rhodes-Holland,2071204.34
V00536,Parker Ltd,2070198.84
V02147,Jordan-Edwards,2066676.1
V03885,Hines-Douglas,2049984.5199999998
V04905,"Peck, Wong and Perry",2044574.1400000001
V02822,Boone Group,2030680.21
V03740,Edwards PLC,2029602.56
V00453,Harper and Sons,2027422.96
V01392,"Olson, Wood and Peters",2026080.69
V02384,Martinez and Sons,2023447.7999999998
V04863,Sloan-Lynch,2021654.2000000002
V00752,"Ramsey, Mason and Mccann",2016509.36
V03494,Deleon-Carter,2015516.02
V00911,Best-Townsend,2011821.06
V01030,"Santiago, Daniel and Rogers",2009173.05
V03616,"Vincent, Curry and Smith",2005021.2
V02481,Fernandez-Jackson,2002668.2400000002
V02604,"Oliver, Simmons and Mcdonald",2002241.72
V00449,Lee-Cooke,1996565.42
V03935,Thompson-Prince,1995365.0
V03355,"Gardner, Gaines and Archer",1993759.6
V04280,Montoya Group,1992139.06
V00090,Moore-Bass,1991156.14
V01728,Peterson-Ramsey,1984190.81
V03214,Solis PLC,1982923.0
V02933,Craig PLC,1982783.9999999998
V02171,Mitchell Inc,1981440.37
V04657,Lee-Rogers,1981244.79
V00026,Wilkerson-Day,1979964.0
V02323,Gutierrez-Marshall,1979676.0000000002
V00004,Davis and Sons,1977101.2100000002
V01483,Brown Group,1976801.4000000001
V00202,White-Lewis,1976214.2400000002
V00682,"Robinson, Shields and Brown",1959638.94
V01713,Neal LLC,1953203.03
V02324,"Carroll, King and Scott",1949353.2
V00644,"Young, Contreras and Marshall",1937619.69
V04845,"Parrish, White and Booth",1936941.44
V01309,"Thomas, Williams and Armstrong",1935966.9999999998
V00322,Brock-Mcdonald,1933432.3599999999
V02818,Peterson PLC,1933335.1500000001
V01443,Ayers-Johnson,1925283.52
V01120,"Nguyen, Hill and Douglas",1921662.05
V00683,"Holder, Young and Hendricks",1908523.12
V01056,Watson Group,1907641.84
V02581,Wood LLC,1904195.15
V02189,Walters Group,1902425.42
V03877,Barnes PLC,1901962.1500000001
V01409,Allen-Smith,1894099.2
V03709,"Barnett, Kennedy and Jackson",1893129.5999999999
V03351,"Mcknight, Howard and Johnson",1885125.06
V01419,"Frye, Walter and Li",1881346.54
V00551,"Baker, Clark and Armstrong",1872326.28
V00948,Oconnor PLC,1867110.76
V00861,"Morris, Wright and Bridges",1864774.71
V04841,Lopez-Jimenez,1859027.74
V04432,"Whitehead, Hernandez and Shah",1856607.8699999996
V01122,Trujillo PLC,1854033.0
V01176,Warner-Phillips,1848653.94
V02027,"Mann, Wade and Spence",1837367.04
V03810,Brewer and Sons,1835538.99
V00901,Wright PLC,1832778.75
V04116,English-Mcdonald,1829706.4200000002
V01105,Curry-Barker,1825635.8399999999
V03857,Davis-Walker,1822859.63
V03814,Hughes-Nicholson,1821694.7500000002
V01991,Fitzgerald-Brown,1819934.68
V00964,Taylor PLC,1811415.6
V00420,Thompson Ltd,1810816.7999999998
V03059,Mclean-Gillespie,1807861.2999999998
V03290,"Barrera, Wood and Leach",1806142.21
V04178,Baldwin PLC,1805914.8800000001
V00411,Kim Inc,1802191.0
V04968,"Brown, Gibson and Turner",1800748.05
V03227,Phillips PLC,1799925.6
V02669,"Brady, James and Reese",1799856.45
V04808,Castaneda-Garcia,1796057.6400000001
V02136,Jimenez Inc,1788739.2000000002
V02042,Johnson PLC,1784403.03
V02049,"Miller, Luna and Wallace",1783796.52
V01880,Hammond-Schwartz,1777845.78
V00482,Carlson-Smith,1772119.3
V03778,Alvarez-Rogers,1762400.19
V04690,Allen PLC,1755251.68
V03410,"Allen, Hunt and Lyons",1752499.2
V03658,"Johnson, Hill and Harris",1752329.56
V01999,Flores LLC,1746592.41
V02353,"Garza, Carr and Gregory",1745414.3
V00525,Gonzalez-Taylor,1739990.99
V04518,Clark-Arroyo,1734358.48
V03667,"Collins, Thomas and Soto",1726350.0900000003
V00833,"Ellison, Arias and Thompson",1724914.76
V04852,Dawson-Mcbride,1723011.89
V01985,Clarke LLC,1720949.9100000001
V01989,Wolfe-Salazar,1715462.33
V04289,Mitchell-Hudson,1697741.5
V03144,Williams-Trevino,1696356.74
V02813,Huynh PLC,1695636.18
V02486,"James, Bell and Chen",1692326.0400000003
V03538,"Wallace, Dixon and Young",1690816.71
V00813,"Marsh, Spears and Yang",1686293.5
V04023,"Morgan, Rose and Schwartz",1685112.28
V01531,"Evans, Ward and Williams",1681328.66
V02738,Ford-Chavez,1676721.1199999999
V01277,Walker-Lewis,1676569.0899999999
V02802,"Glover, Moran and Johnson",1675513.54
V02737,"Medina, Tran and Thompson",1675504.72
V00810,Alvarez-Kim,1672203.88
V01568,"Davis, Hardy and Schmidt",1667589.0
V01699,Ortiz-Miller,1662760.02
V00819,Smith-Lewis,1658990.8
V04904,Duncan Inc,1658855.36
V04489,"Clarke, Neal and Kelley",1654534.5999999999
V01585,"Short, Ellison and Dixon",1653958.8499999999
V04885,Mckay Inc,1651218.03
V02899,Murphy Inc,1642457.9100000001
V01837,Soto PLC,1641697.05
V00824,Rose-Fowler,1638834.66
V04190,Burton-Oneal,1633424.94
V01700,"Smith, Khan and Ramirez",1627717.5
V03321,Davis-Wong,1627338.96
V02300,"Meadows, Robles and Anderson",1624719.93
V01941,Montgomery PLC,1620947.35
V04218,Banks Group,1620469.37
V02207,Young Inc,1620127.67
V04732,Taylor-Williams,1612370.7600000002
V01141,ortiz-hudson,1610512.08
V00790,Fuentes Group,1599461.36
V03408,"Williamson, Reynolds and Fields",1596827.32
V04256,Townsend-Hale,1595355.9000000001
V00519,Hines-Berry,1592322.8299999998
V01584,Foley Inc,1589379.48
V00812,"Wilson, Sweeney and Wong",1572015.0
V00022,"Watts, Robinson and Nguyen",1566257.2199999997
V00967,"Howard, Townsend and Hayes",1556534.98
V01829,"Davis, Kennedy and Harmon",1555821.7999999998
V00937,Tran Ltd,1551566.9000000001
V04577,Johnson Inc,1548581.1199999999
V00366,"Wilson, Pena and Rich",1544472.6600000001
V04237,Aguirre LLC,1540778.4000000001
V04297,Kim-Thomas,1520325.8599999999
V02707,Reyes-Davidson,1516967.7999999998
V01581,Smith-Johnson,1514316.7100000002
V00995,Mayo Ltd,1511647.98
V03880,"Gill, Stewart and Nichols",1499998.08
V00607,Stewart-Bailey,1498207.4900000002
V04311,Sutton Inc,1497313.1800000002
V02201,Lester Group,1496872.25
V04906,Montes Group,1490300.6400000001
V01061,"Gutierrez, Avila and Perez",1486568.16
V03079,"Robinson, Miller and Ward",1486271.5
V02885,Guzman and Sons,1483805.7000000002
V02878,"Jackson, Rowland and Barrett",1475823.92
V01169,"Jennings, Smith and Fisher",1470690.06
V03672,Brown Group,1465505.16
V02005,Lopez Group,1464917.48
V04655,"Palmer, Edwards and Bullock",1462301.4100000001
V00434,"Miller, Lucas and Williams",1459270.6500000001
V01090,Mccann-Ramos,1457035.81
V01012,"Robinson, Fox and Smith",1447549.74
V03486,"Bradley, Ritter and Smith",1447166.84
V00981,Orr Group,1445504.9700000002
V04525,Turner Group,1444592.08
V01015,"Stark, Schroeder and Mathis",1441083.78
V03061,Moreno-Greene,1438491.04
V03629,"Jenkins, Young and Carter",1433061.9000000001
V00994,"Wright, Mcknight and Stephens",1431648.51
V04790,Webb-Murphy,1427328.0
V04837,Pineda-Clark,1426460.19
V02193,Sanchez LLC,1425614.5799999998
V02688,Fisher Inc,1424888.1900000002
V01608,"Gilbert, Fitzgerald and Sanchez",1422003.73
V02546,Gibson LLC,1420522.41
V00093,"Garcia, Humphrey and Baker",1416287.21
V02910,"Faulkner, Schmidt and Wheeler",1413816.45
V03006,"Brown, Compton and Lee",1411327.5
V01287,Flores Inc,1409309.52
V01193,"Brown, Dunlap and Moore",1398127.21
V00462,Burch-Montoya,1397125.9
V04694,Griffin-Hall,1395651.04
V01172,Hunt PLC,1393406.96
V04840,Randall LLC,1391187.72
V01967,"Whitehead, Lane and Tran",1388483.4599999997
V00559,Gross-Valencia,1384825.26
V03732,"King, Garrett and Maddox",1384405.74
V01580,"King, Nixon and West",1381276.02
V00316,"Lucas, Parker and Alexander",1380904.84
V02905,Chapman-Roman,1375761.44
V04972,Smith and Sons,1373368.64
V01248,"Butler, Adkins and Skinner",1373028.8399999999
V04768,Stephenson Group,1371045.29
V01033,Williams Group,1369944.0
V00799,"Terrell, Byrd and Ross",1363806.72
V04554,Olsen Group,1361592.5400000003
V04287,Harding LLC,1361158.24
V00024,Morales-Jones,1357273.6199999999
V00134,"carroll, sullivan and bass",1356192.68
V04930,Rush PLC,1353368.1300000001
V01288,Jackson PLC,1348249.0
V01146,Johnston and Sons,1341296.25
V04366,Haney Ltd,1340280.0
V04542,Mckinney-Higgins,1338858.75
V03508,Lopez-Jordan,1328318.22
V00768,"Davis, George and Nguyen",1327202.25
V04402,"Lee, Roth and Erickson",1325973.46
V00307,Castaneda-Rodriguez,1310548.4600000002
V02555,Hernandez LLC,1302966.26
V00338,Bass PLC,1300907.52
V01640,Raymond LLC,1298528.0
V02694,Mcmillan-Martinez,1289820.3800000001
V01972,Riley-Snow,1285171.8
V03881,Perez-Powell,1282364.61
V00990,Holland Group,1280222.65
V01651,"Fry, Wilson and Stewart",1275069.4000000001
V00922,Wilson-Salazar,1272031.7800000003
V03525,Ford-Gonzales,1266799.2000000002
V01060,"Contreras, Miller and Cooper",1263075.55
V03385,Bernard Group,1255569.82
V03967,Freeman LLC,1253626.5
V02390,"Fisher, Perez and Pham",1253097.27
V04975,Boyd-Vaughn,1249989.84
V02807,"Graves, Garcia and Holder",1249304.48
V00142,Riggs PLC,1248125.19
V00621,Santos-Avila,1245794.13
V01307,"Phillips, Walters and Evans",1234495.5
V03296,Silva Inc,1230402.46
V02831,Shea-Mccarthy,1229734.64
V03689,Lang Ltd,1224644.9000000001
V02691,"Jackson, Jackson and Perry",1221923.52
V04111,"Jackson, Moore and Becker",1219980.05
V00939,"Flores, Mckenzie and Duncan",1219393.04
V01240,Taylor PLC,1217596.92
V02152,Jensen-Gomez,1216704.9
V00685,Young-Walter,1215971.7
V03339,Wheeler Group,1211674.8
V04710,"Reed, James and Henry",1211272.0
V02197,Clarke-Ramirez,1208558.08
V01218,"Powers, Clements and Cox",1198506.2400000002
V04651,"Guerrero, Berry and Harrison",1194086.0599999998
V01590,"Nguyen, Olson and Freeman",1189971.7
V01229,"Morgan, Sherman and Williams",1189227.8299999998
V04013,Decker Inc,1187601.6300000001
V04691,Mcclain and Sons,1183427.1600000001
V00920,Collins Group,1176978.28
V02168,"Morgan, Mendez and Cox",1173563.22
V03477,Ayala and Sons,1167686.1
V02045,"Harding, Kerr and Ward",1157457.6
V00573,Luna-Gallagher,1154502.3
V01609,Adams Group,1142589.56
V02595,"Brooks, Neal and Baldwin",1139768.53
V03808,Wood LLC,1138855.5599999998
V03017,Nelson Inc,1138540.4100000001
V00149,Bryant Group,1135377.3599999999
V04355,"Ortiz, Hoffman and Fuller",1133480.4999999998
V02614,Lee-Munoz,1133113.75
V03581,"Hendricks, Zuniga and Miller",1131368.7
V02216,Cox Ltd,1130158.32
V03835,evans-johnson,1128633.03
V02233,"Johnson, Williams and May",1127843.64
V04380,James-Conway,1120762.5
V01323,Jackson-Edwards,1119061.2
V03570,Newton-Martinez,1117186.4400000002
V00205,Miller Ltd,1113785.4000000001
V00271,"Thomas, Lee and Greene",1113585.48
V02786,Ortega-Gray,1106174.5499999998
V04761,Jones-Rivera,1102212.48
V02215,Vega-Richmond,1101367.68
V00639,Holden Group,1100870.3399999999
V02172,Davies-Morales,1099926.52
V03459,Jones-Johnston,1086421.08
V01249,Rich-Henderson,1084068.5
V00069,Russell Group,1083181.26
V04236,Howell PLC,1076625.94
V03928,Scott-Perez,1075438.0
V00396,Reed Inc,1075400.6400000001
V03636,Herrera Ltd,1073778.12
V03493,Wallace LLC,1072450.44
V02460,Chapman-Henry,1071594.5999999999
V04351,Alvarez-Padilla,1071439.09
V02620,Grimes and Sons,1069466.64
V01623,Payne LLC,1065885.24
V02565,Robinson-Smith,1063743.48
V04571,Bowman Group,1062193.44
V02796,"Nguyen, Wallace and Lawson",1060765.2
V01318,"Carpenter, Lynn and Howard",1052747.16
V01594,Hobbs-Hamilton,1049973.47
V03157,Gonzalez-Murphy,1049741.66
V02741,Hendricks Inc,1047184.7699999999
V03476,Smith Inc,1046047.06
V03999,Rodriguez-Taylor,1038023.84
V00023,Perez Inc,1033516.15
V01600,Maddox-Mullins,1033306.74
V03118,Benjamin-Porter,1029745.9400000001
V01760,Hill Inc,1025736.3600000001
V01188,"Adams, Quinn and Watson",1023351.68
V04045,"Howard, Cowan and Perry",1023314.0000000001
V00219,Williams-Brown,1020135.69
V00068,Novak and Sons,1017502.53
V02367,Moore Group,1012246.56
V03063,"Roth, Bailey and Garcia",1003853.4
V03895,Ellis Ltd,1003355.6000000001
V04650,"Lawrence, Castro and Fleming",1001508.56
V03303,"Miller, Hansen and Salas",996372.5100000001
V01787,Stephens-Young,988379.0
V04714,"Newman, George and Patrick",984467.74
V03016,Bowman LLC,982230.48
V04744,Ballard and Sons,977914.46
V00623,Pearson and Sons,975864.5
V03802,Hughes LLC,975850.6
V04478,"Woods, Thomas and Decker",975522.52
V01606,castillo and sons,975376.33
V01177,Kelley and Sons,972022.7999999999
V02649,Moore-Andrews,971694.45
V00297,Howard-Jordan,969609.36
V01648,"Roach, Browning and Jordan",969455.71
V03688,"Santos, Thomas and Mills",968353.46
V01398,"Mann, Martin and Oconnell",965083.95
V04382,Terry-Rogers,963479.6300000001
V01339,Bates PLC,962398.48
V04486,Compton-Morgan,961669.5
V03815,Green Group,960981.84
V02329,Edwards-Ramsey,958379.2999999999
V00610,Blevins-Ballard,957127.3300000001
V01436,Lowe Ltd,956775.9600000001
V04867,"King, Baker and Schmidt",956480.0000000001
V02409,"Peterson, Reid and Johnson",955210.6
V01984,Sawyer Group,949016.88
V01282,"blackwell, james and hogan",947752.91
V00409,Jackson-Meza,944605.2
V04416,Harvey Group,941288.4
V01759,Lambert-Nelson,940328.4
V02876,"Scott, Mullins and Miller",938158.5700000001
V02421,Gibson-Thomas,934458.22
V03944,"Jones, Tran and Nichols",927104.66
V01688,"Salazar, Moore and Pierce",924188.1
V01621,Cole-Johnson,919503.09
V02146,"Dalton, Turner and Mccarthy",918571.6799999999
V00513,"Sullivan, Palmer and Brady",907296.3899999999
V00299,"Sparks, Jackson and Miller",904585.25
V04800,Howe-Brown,903825.96
V02089,Preston-Harper,894946.32
V04771,Fitzpatrick Group,887244.15
V03653,Jones PLC,885722.83
V02640,Johnson Ltd,885450.9299999999
V01297,Russell-Hayes,878729.6399999999
V02445,"Bass, Anderson and Taylor",878380.8
V02141,"Jimenez, Wagner and Daniels",876888.3200000001
V02685,Williams-Smith,876286.88
V04600,"Valdez, Williams and Richards",862307.9999999999
V02655,"Davis, Lucas and Ellison",860695.5
V04473,Griffin Group,846180.27
V04592,Miller Ltd,841789.02
V03777,Booth-Smith,840522.0800000001
V03253,Hayden-Garcia,836153.44
V02833,Padilla-Bennett,832929.12
V01263,Greer-Pruitt,829701.87
V03801,"Bennett, Ford and Sanchez",823868.04
V00311,"Beltran, Lozano and Mcgee",822660.96
V03791,Alvarado Inc,820875.4
V03562,Frost and Sons,812972.16
V03587,"Romero, Reilly and Mitchell",811928.4
V01452,Ramirez-White,801548.8499999999
V01599,Williams Ltd,800327.7000000001
V04622,Harris LLC,800083.0
V02487,"Pittman, Campbell and Martin",800020.0800000001
V01192,Wilson Ltd,799831.9
V03733,Roy Group,799275.0
V00932,Moore-Ayala,796825.8400000001
V00786,Vargas PLC,795859.05
V01140,Taylor and Sons,789784.55
V00538,"Jones, Compton and Day",781326.0800000001
V04430,Kramer Group,778798.8
V04271,Smith-Allen,778191.3999999999
V02676,Jackson Inc,776322.6900000001
V04702,Thomas-Jones,773816.0399999999
V04038,Martinez-Gould,771303.0599999999
V04806,Sanchez-Ballard,770283.5
V04002,Andrews-Hoffman,765713.48
V00143,Gibson Ltd,762755.56
V04662,"Thompson, Hardy and Walter",762322.48
V01589,"Ross, Hardin and Navarro",762156.8800000001
V01231,Ellis-Lawrence,757608.4500000001
V01112,Marquez-Fletcher,752813.46
V00675,Hill Ltd,750883.6799999999
V00258,"Bryan, Smith and Booth",748328.7000000001
V02424,Lewis-Miller,744329.44
V02016,"Wilkinson, Wallace and Torres",742165.2
V00550,Miller Ltd,734402.82
V02765,Conrad Group,725807.75
V02238,Hayes-Russo,721645.12
V03478,"Franklin, Gray and Sutton",718693.6799999999
V01485,Garcia PLC,716786.6699999999
V03274,Mooney Group,715961.9
V00074,"Stanley, Tucker and Lee",710031.99
V04558,Preston LLC,703797.5
V00031,Burton Ltd,697210.56
V03517,"Green, Horne and Mcdonald",692170.84
V02291,Tate Ltd,690962.58
V03155,Rodriguez-White,687681.8999999999
V01201,"Saunders, Ray and Cunningham",680983.3499999999
V03103,Boyd and Sons,677575.8
V04076,Krueger-Barnett,673432.52
V03850,Berry-Lewis,668279.82
V03909,Carter Group,666025.71
V00300,Harvey-Allen,662755.03
V00929,Nelson-Brown,660107.88
V00101,Figueroa PLC,644378.24
V02036,Morgan-Rodriguez,641553.75
V03218,Gordon Ltd,641468.82
V01074,Miller PLC,639844.7999999999
V01377,Winters PLC,623992.8
V01262,Harris-Melton,623261.24
V02297,"Castillo, Fuller and Adams",619181.3099999999
V03662,"Ferguson, Sanchez and Smith",614735.52
V00495,Brown Group,608965.0
V02753,Dorsey LLC,606238.99
V02112,"Perez, Rodriguez and Rollins",604167.2
V04301,Peterson LLC,596352.0
V04063,Johnson and Sons,596301.13
V01273,"Turner, Tyler and Pierce",588231.4099999999
V04185,"Lucero, Sanchez and Perez",586757.48
V03105,Carson PLC,583476.2
V01480,Martinez and Sons,583277.48
V00170,Hooper PLC,582634.56
V02776,"Martin, Carter and Gray",580064.5700000001
V01472,Davidson LLC,578570.4
V03932,Schneider-Matthews,575699.4
V01440,"Melton, Henry and Joyce",573073.06
V03817,"Flowers, Marshall and Miller",572802.31
V01156,Bryant-Meyer,572389.46
V03324,"Snyder, Hamilton and Maldonado",569149.84
V00729,Nichols-Mitchell,568689.27
V01843,Smith-Rodriguez,566151.3
V04830,Hernandez-Moore,566061.58
V00739,Walsh Ltd,565119.41
V01515,Martinez-Gonzales,562116.23
V00978,Parks-Pace,559405.29
V03784,Burke-Olson,559235.7999999999
V02859,Chen-Wallace,553365.0
V02954,Martin-Gomez,552882.5700000001
V03228,Barber Group,552096.37
V00756,Bowers-Hayes,546875.08
V02667,Clark-Williams,545934.0800000001
V03121,Russell-Figueroa,544911.06
V03226,Lopez-Delgado,541019.2
V01615,Hanson-Alexander,531368.46
V00844,Dunn-Wilson,531135.2999999999
V01691,White Ltd,530862.74
V00560,Anderson-Wood,528107.04
V01632,"Garcia, Stewart and Delacruz",520368.96
V01539,"Brown, Kelly and Moore",519798.85
V00469,Brown-Shaw,519440.1
V03325,"Wright, Rodriguez and Wilson",517788.21
V00785,Diaz-Frederick,511672.81
V03083,Allison-Delacruz,505721.88000000006
V02791,"Ramirez, Lyons and Briggs",502438.43000000005
V01111,"Owen, Walker and Franklin",501837.92999999993
V00427,Johnson-Wood,484361.85000000003
V01150,Smith-Ferguson,483285.08
V00112,"Shields, Cochran and Adams",479189.04000000004
V00218,Erickson and Sons,474559.35
V02162,Murray Group,473614.4
V00692,Atkinson LLC,473014.66
V03971,Lee Inc,468556.53
V00361,Henry Group,466356.0
V01352,Kaufman-Walker,465633.9
V02127,Martinez-Massey,462482.4
V03275,Martinez and Sons,462230.00000000006
V02960,Fisher PLC,458135.73
V03096,Jenkins-Rogers,457804.05
V04073,"Alexander, Vincent and Pacheco",444869.67
V02212,King-Lawrence,444582.61
V03867,"Wood, Carter and Stewart",441928.74
V02751,"Richardson, Brown and Cruz",440191.81
V02964,Anderson-Rosario,438371.05000000005
V04952,"Jones, Foster and Sanford",433224.60000000003
V02518,Smith-Simmons,422396.22
V00487,"Hartman, Romero and Smith",421321.27999999997
V02916,"Franklin, Mann and White",420134.0
V01069,Stokes and Sons,415929.27
V02345,Martin and Sons,415767.3
V04379,Navarro Inc,414693.62
V00919,"Walters, Davenport and Becker",413297.07999999996
V02829,"Ortega, Solis and Warner",403088.81
V01856,"Hall, Vega and Price",400214.79000000004
V03124,Willis-Christian,398847.25999999995
V00033,"Ferrell, Rice and Maddox",396889.15
V04515,"Hall, Zamora and Bridges",396574.5
V00122,Johnson-Carlson,395460.82
V03075,Reyes PLC,394011.36
V04523,Farrell PLC,390663.6
V00661,Foster Inc,383376.24
V04950,"Carpenter, Coffey and Wright",378986.51
V01595,Kane and Sons,377938.33
V00119,May-Ross,375969.92
V02927,"Jennings, Rhodes and Patel",374291.27999999997
V00295,"Brennan, Wallace and Benson",368914.26
V02056,Davis-Ortiz,366701.52
V01293,"Parks, Johnson and Love",366558.72000000003
V03505,Brown PLC,366172.69
V03223,johnson ltd,359913.24000000005
V04129,Warren-Ingram,359768.33999999997
V02175,Knight PLC,359459.79
V02716,Stewart-Buchanan,354512.4
V02901,Melton and Sons,354129.07
V00673,Nunez-Stephens,349507.62000000005
V01128,Knox-Powers,347546.64
V03467,Young Inc,344161.93000000005
V03430,"Bailey, Williamson and Powell",343791.2
V00882,Williams Ltd,337377.72
V00924,"Yang, Wilson and Zimmerman",336989.71
V03712,Miller-Booker,335057.30999999994
V01575,Sandoval-Ferguson,334171.55
V03910,"Mack, Cox and Moran",329172.32
V01795,"Berger, Fields and Smith",327511.26
V03298,"Barron, Church and Gutierrez",325132.13
V00769,Smith-Gutierrez,318300.89999999997
V04766,"Stevens, Howell and Mitchell",318044.16
V01876,Douglas-Yoder,317449.16
V04060,Barnes and Sons,316192.19
V01542,Quinn-Smith,314880.16
V00696,Rivera Inc,312199.64999999997
V01755,Garcia Ltd,307117.26
V00290,"James, Stewart and Higgins",305876.99
V00902,"Griffith, Mitchell and Pugh",304190.69
V00382,Bruce-Villegas,301227.05
V03398,Taylor-Jacobson,301086.78
V02611,Johnson-Gonzalez,299092.83
V04580,Duffy-Stanley,298730.6
V04238,Rodriguez-Vega,297919.26
V01100,Hill Group,297275.51999999996
V01068,Thompson-Joyce,295387.39999999997
V03707,"Miranda, Rivera and Ingram",291893.0
V02635,"Berry, Myers and James",290915.45999999996
V03933,"Edwards, Brooks and Grimes",288571.14
V02559,Davidson and Sons,284246.25
V03030,Moore-Hall,282138.24
V04850,Solomon-Le,276550.56
V01964,Ellis-Jackson,271676.6
V03747,Daniel Inc,269706.6
V04188,Perry-Arnold,269630.63999999996
V01725,"Shaffer, Lewis and Davidson",268137.5
V04174,Stout-Graves,264740.32
V04734,"Flowers, Berry and Ramirez",264148.92
V02035,"Estrada, Marsh and Chandler",262704.06
V00832,Lopez-Reid,262145.16000000003
V04958,Gray-Stone,261848.0
V03479,Tran Inc,261473.84000000003
V00776,"Weber, Wheeler and Gonzalez",260779.00999999998
V03077,"Underwood, Cruz and Carpenter",259478.09999999998
V00256,"Johnson, Miller and King",256095.96
V04384,Anderson-Reed,255287.45
V04555,"Daniels, Ward and Reynolds",253675.44999999998
V04346,Smith Inc,252922.75
V03273,Lang Group,250826.84000000003
V01569,Lee Ltd,250461.12
V04389,Sanchez and Sons,247322.09000000003
V01219,Velasquez Group,247065.84000000003
V04902,Day-Gonzalez,239735.52
V02990,"Smith, Arnold and Atkins",237426.6
V03632,Lamb-Coleman,234524.14
V00999,"Robinson, Huang and Osborne",233498.72
V00087,"Ferrell, Jones and Lewis",232313.22999999998
V02550,Hardy-Wallace,231464.88
V00826,Bruce-Williamson,230400.82
V00356,Strickland-Palmer,230003.06
V03567,Yoder Group,228867.61
V01261,"Edwards, Arnold and Smith",228016.94999999998
V00903,Abbott Ltd,227563.53
V00840,Miller Inc,226759.36000000002
V04957,Melton LLC,226187.5
V02659,"Quinn, Ellis and Bartlett",224754.6
V02043,Rhodes-Rosario,222847.23
V04984,Bradley-Smith,222722.62
V02271,Anderson-Stewart,219506.16
V04980,"Velazquez, Foley and Andrews",216100.80000000002
V03107,Delgado-Sullivan,214352.49
V02095,Smith Group,212688.96
V04414,"King, Webster and Brown",206492.52000000002
V02745,Parker-Archer,205728.82
V01851,Young-Alexander,200033.26
V00250,Ruiz Ltd,199331.44
V04586,Scott Group,198084.96
V00444,Collins Group,195083.15
V04645,Mejia Inc,193784.89
V00784,Bennett-Velasquez,193658.94
V02775,Sims-Weber,192316.66999999998
V02103,Wyatt Ltd,190964.62
V03008,"Mata, Martin and Christensen",186783.0
V03841,"Hoover, Carroll and Williams",185358.72
V01692,Barnes LLC,185143.0
V03502,"Alexander, Duran and Benton",183614.86000000002
V01732,Moore-Murray,181631.52
V03327,Patel LLC,176826.65
V03039,"Christensen, Smith and Garcia",174777.22999999998
V04670,Reilly-Gibson,174650.85
V03682,Williams Group,174174.97999999998
V02348,"Gallegos, Myers and Cook",173902.82
V04805,Sullivan and Sons,167257.96
V04128,Smith-Wilson,165282.3
V00158,"Miller, Hernandez and Reyes",158334.62
V02472,"Willis, Vasquez and Goodwin",157563.22999999998
V04970,Franco-Stuart,149009.59
V02375,"Adams, Hernandez and Vaughn",146930.5
V02889,Miller-King,144333.17
V02228,Ruiz-Gutierrez,144324.87
V00763,Smith LLC,143968.24000000002
V02109,Richardson-Lawrence,143878.25999999998
V02939,Evans-Carter,138745.38
V00358,"Williams, Logan and Camacho",137282.76
V03864,scott-johnson,135478.16999999998
V03621,"Best, Humphrey and Pittman",135364.71
V01253,Vega-Thomas,134825.09
V00862,Burns-Ray,133598.76
V02194,Washington-Esparza,130742.22
V00640,Boyle-Smith,130096.8
V00876,Alexander Inc,129117.68999999999
V02033,"Cantrell, Rivera and Thornton",127881.6
V02241,Richardson-Long,125983.9
V00754,Peterson PLC,124502.62
V01626,"Williams, Jackson and Campbell",122847.16
V03394,Wheeler-Short,120557.84000000001
V04537,Simon and Sons,119084.9
V01152,"Lee, Rhodes and Sims",116253.06
V02031,Gould LLC,114247.51999999999
V04392,Sharp Ltd,113185.5
V04245,Bauer Inc,112817.32000000007
V02680,Howard-Robinson,112178.0
V04102,Martinez-Bailey,112115.15
V03705,Baker Inc,110159.79999999999
V03455,"Evans, Wilson and Hall",108650.15000000001
V01383,Kent Inc,108406.35
V02750,Hicks-Burns,107839.2
V04302,Bell and Sons,106977.22
V00063,Wright and Sons,105084.48
V03001,"Dawson, Snow and Malone",102114.55
V04591,Wells PLC,99787.20000000001
V04133,"Peterson, Nelson and Travis",99409.45000000001
V00415,Dixon Inc,98855.1
V02281,Martin-Mcdonald,96711.12
V00632,"Mcdonald, Lee and Rodriguez",94039.0
V01522,Daniels and Sons,93413.12
V03976,Moore-Miranda,93260.16
V04986,Le-Coleman,92569.23
V03693,"Espinoza, Wells and Stewart",90674.45
V01317,King and Sons,89149.65
V01701,"Grant, Bryan and Williams",88506.88
V01911,Levy-Smith,86436.98
V02061,"Singh, Walker and Moody",83854.57
V02034,Kemp-Montes,83048.4
V01129,"Evans, Jackson and Sandoval",80622.08
V03295,Nelson-Jackson,79467.52
V04842,"Levy, Bowers and Huffman",78413.61
V00266,Gay Inc,77373.94
V04093,Gardner-Wilson,76934.88
V04469,Wright-Bennett,76768.94
V03874,Duncan and Sons,74367.48000000001
V03042,Thomas-Burton,73790.62
V02081,Mccall-Martin,67624.95999999999
V01246,"morris, wilson and bell",64724.19
V04255,"Webb, Price and Jimenez",64511.0
V00960,Bates-Anderson,59346.36
V01082,"Washington, Lynch and Johnson",54257.71
V00591,"Williams, Castillo and Warren",54205.74
V01144,Welch-Thompson,52438.61
V02229,Love-Mcdowell,51464.28
V01929,"Wood, Martin and Sanchez",51414.22
V01678,"Ellison, Vaughn and Mckee",48654.810000000005
V02527,"Coleman, Jones and Wright",47216.32
V02039,Griffin Inc,46201.92
V03452,"Carey, Mason and Kelly",44640.240000000005
V00913,Lewis-Livingston,44291.61
V04053,"Schneider, Price and Ruiz",42589.04
V01625,"Barnett, Bennett and Escobar",42572.04
V02643,"Warren, Gibson and Wood",38322.020000000004
V00168,Johnson-Rogers,37824.48
V02925,Hayden Group,37088.0
V03468,"Strong, Warner and Cannon",37078.759999999995
V00925,"Smith, Crawford and Reed",34971.04
V01663,Perez Group,34745.42
V03165,Parrish Ltd,33249.81
V01433,Moss LLC,31597.94
V04078,"Gonzalez, Robinson and Anderson",31073.47
V01905,"Lee, Dominguez and Mosley",29969.23
V02922,Blair Inc,28815.3
V02359,Barber-Harrison,27610.800000000003
V02425,"Fox, Chapman and Stone",26508.24
V03347,Carey LLC,25763.7
V03361,Roberts-Montes,22770.0
V02446,"Murray, Cole and Cole",20445.84
V04589,Avery-Cohen,20039.48
V03051,Smith and Sons,19273.25
V04504,Lewis-Herrera,17341.38
V02306,Price Group,16943.739999999998
V03611,"Johnson, Walters and Smith",16821.96
V02356,"Brown, Orozco and Butler",15933.199999999999
V00368,Gutierrez Group,14229.32
V02097,"Palmer, Brown and Wilson",13431.04
V01783,Allen-Sanchez,12132.63
V04967,Hammond-Kennedy,10954.36
V03081,Grant-Rosario,9229.64
V03168,Miller-Russo,8016.18
V01027,Rivera Inc,7977.32
V01945,Thompson-Santiago,7263.320000000001
V01988,Schmidt-Phillips,6968.34
V00175,Ramirez-Bean,2713.81
V04196,Heath-Andersen,2075.5
V02277,Stewart Group,1175.98
V04397,Hardin Inc,-62736.48
V00301,"Thomas, Murray and King",-131812.92
V02245,Gonzalez-Haynes,-205452.86
V03565,Ortiz PLC,-266322.92000000004
V04818,Underwood and Sons,-304599.33999999997
V00166,Medina-Navarro,-436991.33999999997
V02273,Porter LLC,-529163.2299999995
V02858,Hancock-Santos,-608804.92
V03286,Cameron PLC,-646421.4299999999
V04638,"Barber, Brooks and Cole",-669711.6800000002
V02416,"Zhang, Cunningham and Kline",-988685.38
V00313,Robinson-Lee,-1172360.4300000002
V03262,Gibbs-Howard,-1188772.05
V01824,Good PLC,-1298931.9
V02221,Fowler-Haynes,-1728408.9700000002
V01341,Knight PLC,-1948082.77
V02586,"Brooks, Greene and Rowland",-2105108.0999999996
V01393,Hinton-Lane,-2467873.1100000003
V00113,"Rodriguez, Brennan and Garrison",-2639078.3800000004
V04033,Fernandez Inc,-2685131.48
V00309,"Phillips, Spence and Barrett",-2785914.12
V03048,"Adams, Stephens and Smith",-4313241.58
V01720,"Daniel, Jimenez and Morton",-5005513.9799999995
V00417,"Mullen, Brewer and Hernandez",-5225121.0
V02025,Williams LLC,-5960251.73
V00611,Williams-Moses,-7397225.04
V04925,"Dunn, Ray and Vaughn",-8419261.95
V01820,Perez-Coleman,-10857072.93
V01418,"Jones, Phillips and Arroyo",
V04890,Gomez Group,
V04898,Lewis-Lee,
V03182,"Russell, Meyer and Smith",
V04810,Fernandez Group,
V04484,Taylor Inc,
V03556,Bartlett-Murphy,
V04465,Jacobs-Herrera,
V01134,Fisher-Eaton,
V03098,"Johnson, Potter and Gordon",
V01849,Larson and Sons,
